/*
SQLyog Ultimate v10.00 Beta1
MySQL - 5.5.28 : Database - database
*********************************************************************
*/

/*!40101 SET NAMES utf8 */;

/*!40101 SET SQL_MODE=''*/;

/*!40014 SET @OLD_UNIQUE_CHECKS=@@UNIQUE_CHECKS, UNIQUE_CHECKS=0 */;
/*!40014 SET @OLD_FOREIGN_KEY_CHECKS=@@FOREIGN_KEY_CHECKS, FOREIGN_KEY_CHECKS=0 */;
/*!40101 SET @OLD_SQL_MODE=@@SQL_MODE, SQL_MODE='NO_AUTO_VALUE_ON_ZERO' */;
/*!40111 SET @OLD_SQL_NOTES=@@SQL_NOTES, SQL_NOTES=0 */;
CREATE DATABASE /*!32312 IF NOT EXISTS*/`database` /*!40100 DEFAULT CHARACTER SET latin1 */;

USE `database`;

/*Table structure for table `tblbrandbreed` */

DROP TABLE IF EXISTS `tblbrandbreed`;

CREATE TABLE `tblbrandbreed` (
  `bbID` varchar(20) NOT NULL,
  `brandname` varchar(50) DEFAULT NULL,
  `description` varchar(200) DEFAULT NULL,
  `loggedID` varchar(20) DEFAULT NULL,
  PRIMARY KEY (`bbID`),
  UNIQUE KEY `brandname` (`brandname`),
  KEY `loggedID` (`loggedID`),
  CONSTRAINT `tblbrandbreed_ibfk_1` FOREIGN KEY (`loggedID`) REFERENCES `tbllogged` (`loggedID`)
) ENGINE=InnoDB DEFAULT CHARSET=latin1;

/*Data for the table `tblbrandbreed` */

insert  into `tblbrandbreed`(`bbID`,`brandname`,`description`,`loggedID`) values ('BB-001','Sapaco','Sapaco foods','Logged-00001'),('BB-002','Pawise','Wise products and equipment','Logged-00002'),('BB-003','Kaytee','Kaytee  hamster equipments','Logged-00002'),('BB-004','Delicate','Delicate hamster equipments and foods','Logged-00002'),('BB-005','LC - Vitamins','LC hamster Vitamins','Logged-00002'),('BB-006','S.A.M','S.A.M hamster eqipments','Logged-00002'),('BB-007','Carno','Carno hamster equipments and foods','Logged-00002'),('BB-008','All Living','All Living hamster equipments','Logged-00002'),('BB-009','Alice','Alice hamster equipments','Logged-00002'),('BB-010','Alex','Alex hamster toys and equipments','Logged-00002'),('BB-011','Pet House','Equipment and foods','Logged-00003');

/*Table structure for table `tblcategory` */

DROP TABLE IF EXISTS `tblcategory`;

CREATE TABLE `tblcategory` (
  `categoryID` varchar(20) NOT NULL,
  `categoryName` varchar(50) DEFAULT NULL,
  `description` varchar(200) DEFAULT NULL,
  `warranty` int(2) DEFAULT NULL,
  `loggedID` varchar(20) DEFAULT NULL,
  PRIMARY KEY (`categoryID`),
  UNIQUE KEY `categoryName` (`categoryName`),
  KEY `loggedID` (`loggedID`),
  CONSTRAINT `tblcategory_ibfk_1` FOREIGN KEY (`loggedID`) REFERENCES `tbllogged` (`loggedID`)
) ENGINE=InnoDB DEFAULT CHARSET=latin1;

/*Data for the table `tblcategory` */

insert  into `tblcategory`(`categoryID`,`categoryName`,`description`,`warranty`,`loggedID`) values ('Cat-001','Non-Consumable Living Things','Living things',0,'Logged-00001'),('Cat-002','Equipment','Non-Consumable Equipment like accesories for animals',3,'Logged-00002'),('Cat-003','Foods','Foods of animals',0,'Logged-00002'),('Cat-004','Vitamins','Vitamins of animals',0,'Logged-00002'),('Cat-005','Toys','Toys equipment',3,'Logged-00003');

/*Table structure for table `tblimage` */

DROP TABLE IF EXISTS `tblimage`;

CREATE TABLE `tblimage` (
  `imageid` varchar(20) NOT NULL,
  `image` longblob,
  PRIMARY KEY (`imageid`)
) ENGINE=InnoDB DEFAULT CHARSET=latin1;

/*Data for the table `tblimage` */

insert  into `tblimage`(`imageid`,`image`) values ('ID-001','\0JFIF\0\0\0\0\0\0\0C\0		\n\r\Z\Z $.\' \",#(7),01444\'9=82<.342\0C			\r\r2!!22222222222222222222222222222222222222222222222222\0\0T\"\0\0\0\0\0\0\0\0\0\0\0\0	\n\0\0\0\0}\0!1AQa\"q2#BR$3br	\n\Z%&\'()*456789:CDEFGHIJSTUVWXYZcdefghijstuvwxyz\0\0\0\0\0\0\0\0	\n\0\0\0w\0!1AQaq\"2B	#3Rbr\n$4%\Z&\'()*56789:CDEFGHIJSTUVWXYZcdefghijstuvwxyz\0\0\0?\0(>V\0^/+\0^M̭\0oF_W\"\03\0Iڀ_Ht/x\0҉(\0v?J<%\0%{/?<%\0$/?_H~\"\03\0J\Z?%\0$B\0(	^\0p\'j>	!п\0J$_W\"\03\0Iڀ<_H~\"\03\0J\Z\0keo{\05xKI_CWM̭\0oF=_W\"\03\0Iڏ\0^u\0q?\'Z<%\0%{/?o_\0uow\0:\0keo{\05\0ן_+Ѡ@\0vſWO\0I֏	^\0p\'j<[\0%{\0h\0?W$?\'\0]\0\0\n<[\0$\0hi\0OG\0?f_\0kQ\06keo{\05\0N\0\0k<%\0%{/?\0o_\0u+\0\0^u\0q?\'Z>o_\0u_W\"\03\0Iڏ\0^u\0q?\'Z<%\0%{/?\0f_\0kWKJ\0oO%w\0/?\0%\0%{B\0\';\0ٗft\0|m\0\0ۿ]\0\03Oj>6\0^\0I\0/\0_\0W@\0\0p_?J\0\n(\n(>V\0^/+\0^M̭\0oF_W\"\03\0Iڀ_Ht/x\0҉(\0v?J<%\0%{/?<%\0$/?_H~\"\03\0J\Z?%\0$B\0(	^\0p\'j>	!п\0J$_W\"\03\0Iڀ<_H~\"\03\0J\Z\0keo{\05xKI_CWM̭\0oF=_W\"\03\0Iڏ\0^u\0q?\'Z<%\0%{/?o_\0uow\0:\0keo{\05\0ן_+Ѡ@\0vſWO\0I֏	^\0p\'j<[\0%{\0h\0?W$?\'\0]\0\0\n<[\0$\0hi\0OG\0?f_\0kQ\06keo{\05\0N\0\0k<%\0%{/?\0o_\0u+\0\0^u\0q?\'Z>o_\0u_W\"\03\0Iڏ\0^u\0q?\'Z<%\0%{/?\0f_\0kWKJ\0oO%w\0/?\0%\0%{B\0\';\0ٗft\0|m\0\0ۿ]\0\03Oj>6\0^\0I\0/\0_\0W@\0\0p_?J\0\n(\n(>V\0^/+\0^M̭\0oF_W\"\03\0Iڀ_Ht/x\0҉(\0v?J<%\0%{/?<%\0$/?_H~\"\03\0J\Z?%\0$B\0(	^\0p\'j>	!п\0J$_W\"\03\0Iڀ<_H~\"\03\0J\Z\0keo{\05xKI_CWM̭\0oF=_W\"\03\0Iڏ\0^u\0q?\'Z<%\0%{/?o_\0uow\0:\0keo{\05\0ן_+Ѡ@\0vſWO\0I֏	^\0p\'j<[\0%{\0h\0?W$?\'\0]\0\0\n<[\0$\0hi\0OG\0?f_\0kQ\06keo{\05\0N\0\0k<%\0%{/?\0o_\0u+\0\0^u\0q?\'Z>o_\0u_W\"\03\0Iڏ\0^u\0q?\'Z<%\0%{/?\0f_\0kWKJ\0oO%w\0/?\0%\0%{B\0\';\0ٗft\0|m\0\0ۿ]\0\03Oj>6\0^\0I\0/\0_\0W@\0\0p_?J\0\n(\n(>V\0^/+\0G߆_𱿲\0o7]~i\0y?fǕc)wg91@\0/$:DxKJ_;WAl/\0+ݺFn^i\0y?fǕc)wg91@0xKI_CWGx@\07÷d/|û9Qz\n\0\0_Ht/x\0҉(\0v>\0;:>_3Wt\0w\'ݎ<1\0\0l~+oSdscހ>`\0҆\0\0[\0t\ZGx@\07÷d/|û9Qz>&2\0\0\0y߳6{_W\"\03\0Iڏ\0^u\0q?\'Z4ez\0<ퟳ~1;W9O<wOCj\06\0!\0J#?V\0^occW\0+۶E^Me\0/&\0\0`߿gkl@|E\0g-\0Ni\0y?fǕc)wg91FOs_gy[:0{#n1>\0w|+o_\0҅\0e\0{q7;?7\0﷽sOxs@\0Oû|Sj\0\0f_\0kQ\06/W?ڟ7\0.V͛\0lJ?Yš\0_߾\0Ow\0@M̭\0oF_W\"\03\0Iڏce\0?oy\0mqk<1\0\0l~+oSdscހ9\0\0^u\0q?\'Z1\0k\0l򿱾+wFdm3ڼ\0\0\0^u\0q?\'Z<%\0%{/?1\0k\0l򿱾+wFdm3ڍ#~/7g߸>Le>N==\0f_\0kWKJ\0oO%{\0/_?o\0+]7\0\0n\'_!/\0#g|}ݺ6Ocvzve\0?pk\0׿2e\0\nS&\0oٳm\\\0\0c?|ͻcT`vz\0 b\0/^KI\0oQ% e\0	MI>\0.۾|7Ƕ=O?϶}\0#?7cj\0(\0(\0(\0(\0(\0(\0(\0(_/n<+\0X,7P;Ư ,sw^૏KA~항Ww%RIy!Âm˒v{%c[Ė~.妹aoؓ6!{|A]U<UKMy%B1(fl8,F1Jÿ	X7zX֮/ʱA$cSď1`H|>/K[]TՇzxn5OC׵]oMڔl!3d6B^B<]\\70on5{kK\rj,?fU>e=\0l\0@%\0>K(#W}k}㟉\Z|A~on=.kgS!H>y=\Z_DZs_jG]i(0Y`@p`Q^O/i^jn\Z>/m@K/@+lno\Z_߃\0\'@彽F}mDm\"SX`\0+s\'/#.VDlu)n]CqvyYJdn0Ì0</@EPEPEPEPEPEPEPEPEPEPEPEP~YC/}MW=r8kO\rx_eǇeGB!,wJIƊ(ᯌv]Kck#B*|*KrIFN;9մK./vѲA2+(7~%:u&>yܪ@+$c{	j,|\'w8\\Gy(0]Ρd$.p\n\0\nPl?L׼7%o%XdBP2\\	\n9 \0scVSi\0~ 5Gw6IjA6ߙX<gPσM/O^%KS}92Ƌ@Y\nlU\nw4$s\Z֩˭Kxwpew#BB\0\0QE\0z_k4\07vUI	61l\nȒ$;FrOxs@]5dU<I,ObO\0(R(((((('),('ID-002','\0JFIF\0\0\0\0\0\0\0C\0		\n\r\Z\Z $.\' \",#(7),01444\'9=82<.342\0C			\r\r2!!22222222222222222222222222222222222222222222222222\0\0PJ\"\0\0\0\0\0\0\0\0\0\0\0\0	\n\0\0\0\0}\0!1AQa\"q2#BR$3br	\n\Z%&\'()*456789:CDEFGHIJSTUVWXYZcdefghijstuvwxyz\0\0\0\0\0\0\0\0	\n\0\0\0w\0!1AQaq\"2B	#3Rbr\n$4%\Z&\'()*56789:CDEFGHIJSTUVWXYZcdefghijstuvwxyz\0\0\0?\0(>V\0^/+\0^M̭\0oF_W\"\03\0Iڀ_Ht/x\0҉+ b\0/^KI\0oQ%y\0_\0h%\0%{B\0\'\0_W\"\03\0Iڼ?J\0	^\0p\'j\0>	!п\0J$_W\"\03\0Iڏ_Ht/x\0҉(\0v\0\0҆\0n\0υp\0CP\0@\0$]\0(\0^u\0q?\'Z>6\0!\0J#ſWO\0IրHuw\0҈\0i\0hנ|m\0C\0ۿG^M̭\0oFX\0KJ\0oO%w\0?\0e?J\0\0	^\0p\'j\0!u\0q?(Z\0	^\0p\'j\0!u\0q?(Z\0\0C\0?\0_@W\0h\0%{]\0\'\0?\0?|m\0\0ۿ]\0\0\0\0^u\0q?\'Z>6\0!\0J#ſWO\0I֏Huw\0҈\0i\0hkZ?i\0hkZ\0_Ht/x\0҉(\0v?J<%\0%{/?<[\0$\0ki\0O\\:\0-w\0/?\0\0\0C\0?\0G\0?\0\0\06?\0?xIï\0B\06\0!u\0q?(Z\0\0Huw\0҈<%\0$/?6\0!\0J#\0\0҆\0n\0υ}_?\0(\0(\0(\0keo{\05\0N\0\0k<%\0%{/?\0%\0$B\0(\0/\0_\0W@\0\0p_8_W/x\0y+%\0%{/?>	^п\0I\0v?J<%\0%{/?%\0$B\0(	^\0p\'j\0	!\0p(j\0?W/$?\0\r]\0\0\n\0Huw\0҈o_\0uow\0:<[\0%{\0h\0\0$]\0(\0\0[\0z$:\0Du\0\0h\0\05-ph_\0WkZ>	^п\0I\0v\0o_\0҅\0v\0o_\0҅\0?\0?|\0\068Ww\0x\0C\0?\0\\+\0<u\0͡\0\0@o_\0uow\0:<[\0%{\0h\0$]\0(<\0\0[\0?\0e\0[\0?\0e@%\0$B\0(	^\0p\'j>	!п\0J$_W\"\03\0Iڀ<ſH~O\0J\0ٗft\0xIï\0B2\0\0nZ?\0?͡\0\0m\0h\0\0C\0?\0\\:\0-w\0ho_\0҅\0$]\0(_H~\"\03\0J\Z\0ow\0:	!\0p(j\0\0?W\0\0\n\n(\n(>V\0^/+\0^M̭\0oF_W\"\03\0Iڀ_Ht/x\0҉+ b\0/^KI\0oQ%y\0_\0h%\0%{B\0\'\0_W\"\03\0Iڼ?J\0	^\0p\'j\0>	!п\0J$_W\"\03\0Iڏ_Ht/x\0҉(\0v\0\0҆\0n\0υp\0CP\0@\0$]\0(\0^u\0q?\'Z>6\0!\0J#ſWO\0IրHuw\0҈\0i\0hנ|m\0C\0ۿG^M̭\0oFX\0KJ\0oO%w\0?\0e?J\0\0	^\0p\'j\0!u\0q?(Z\0	^\0p\'j\0!u\0q?(Z\0\0C\0?\0_@W\0h\0%{]\0\'\0?\0?|m\0\0ۿ]\0\0\0\0^u\0q?\'Z>6\0!\0J#ſWO\0I֏Huw\0҈\0i\0hkZ?i\0hkZ\0_Ht/x\0҉(\0v?J<%\0%{/?<[\0$\0ki\0O\\:\0-w\0/?\0\0\0C\0?\0G\0?\0\0\06?\0?xIï\0B\06\0!u\0q?(Z\0\0Huw\0҈<%\0$/?6\0!\0J#\0\0҆\0n\0υ}_?\0(\0(\0(\0keo{\05\0N|Me\0/&\0\0`߿gkl]_goy[|&2{\'vs\0CI^kZcXlg|^^3ܜcv:1\0\0	\'ؿwϏǽ\0x/+<\0N\'_!/\0#g|}ݺ6Ocvzv@<1\0\0l~+oSdscހ9\0_Ht/x\0҉(\0v>\0;:>_3Wt\0w\'ݎ<1\0\0l~+oSdscހ>`\0҆\0n\0υt\ZGx@\07÷d/|û9Qz?Y\0_~\0NO\0/@$:\0DtxJï\0:AoccW\0+۶E^j5\0y_iǕ	6s@\0$:\0Du\0\0k<mL|!}}j\0yvȯr3޹\0ce\0?oy\0mqh b\0/\\/+< e\0	MI>\0.۾|7Ƕ=OC_c\0Gϲtl{8@|E\0gx:\0-}?xc/#\0lV\'Ɍݜǽy/S?#򿱾\00m1ڀ=\0C\0?\0_@W\0²\0C\0}<{\0?{ڀ<ow\0:\0\0\0Ao_\0j\0q3n>3޺V_h\0ǝ{P+\'\0G$:\0Duj5\0y_iǕ	6sG1\0	/}^_3nFs{_+ѣ/\0~\0<vw=_ۿ\0\0_\0gc~{cހ_Ht/x\0҉(\0v>\0;:>_3Wt\0w\'ݎ<1\0\0l~+oSdscހ>`o_\0҅\0e\0?t\ZOxs@\0Oû|Sj>|2\0s\0_lٿwt?\0C\0?\0G\0V_h\0ǝ{Q\0\n- _\0ox\0j\0\0?\0?xIï\0B׿\0²\0C\0}<{\0?{ڹ__<9Gc}\0ay`یcϵ\0t\0׀xKI_CW6&>>?yͻdWu^|Hퟳ~\0;|&B\0w;un\0υ}^\0\n.\'\0owo\0}oz\n\0(\0(\0(\0(\0(\0(\0(\0(\0+~&i\Z^qhvof/#5\\HQHf\0W ExIf]\neW\nʐ˴\0xǚ_bȷfw(4~\"fu\0O@ <~$zVv\0g.tپ.\'8VHs2;ux>oܽM\"[]2);O`Mck5K4-n4&xl-%\nO;X\0˞P|Oo\0-Z_j2ZGkwrjY lu,ZniƒS\roiVpK-zw2Z	?t%⍝!\0}\0	8\\<qsR\0KR`abpSXWVc4i_4STm;Y}:(#ry.@Rx⾡.?}7O<[ZZFҿG +8$215|A\n6ǩhZ͑2YXUDb0Djq\ZE7~)\\Zwmi\\\0qGZ\0Ҿ&i\Zohvaox,u#\rPF]Aek_4ZCٱH@H y\05|A\n6ǩhZ͑2YXUDb0Djqh,>xz.ơ{KXEok$mIH9}Pw\0\0rkO,\Z_ƣz>שقM&SsO.+<ic}.G KuOKE9_@_LH~\0O]fм=KQIxKW\"bI1\0ۙ!%XTҵ[sK˘l|RFr<8\"W?{vz]ωm^Hpieu$qH:\n\0(\0(\0(\0(\0(\0(\0(\0'),('ID-003','\0JFIF\0\0\0\0\0\0\0C\0		\n\r\Z\Z $.\' \",#(7),01444\'9=82<.342\0C			\r\r2!!22222222222222222222222222222222222222222222222222\0\0P\"\0\0\0\0\0\0\0\0\0\0\0\0	\n\0\0\0\0}\0!1AQa\"q2#BR$3br	\n\Z%&\'()*456789:CDEFGHIJSTUVWXYZcdefghijstuvwxyz\0\0\0\0\0\0\0\0	\n\0\0\0w\0!1AQaq\"2B	#3Rbr\n$4%\Z&\'()*56789:CDEFGHIJSTUVWXYZcdefghijstuvwxyz\0\0\0?\0(>V\0^/+\0^M̭\0oF_W\"\03\0Iڀ_Ht/x\0҉(\0v?J<%\0%{/?\0o_\0u?i\0O^+\'\0^2\0\0nZ8\0!u\0q?(Z\0f_\0kW$?\'\0]\0\03Oj\0?\0\0\0\0>\0C\0?\0G\0\Z\0٨\0C\0?\0G\0\Z\0٨+\0\0^u\0q?\'Zo_\0u?\05-z/$:D\0?\0e@%\0$B\0(	^\0p\'j\0!u\0q?(Z\0	^\0p\'j\0!u\0q?(Z\0\0f_\0kQ\06ٗft\0͡\0\0+\0?\0?|\0\06\0G5\0Q2\0\0nZ\0G5\0Q2\0\0nZ=ſWO\0I֏	^\0p\'j<[\0%{\0h\0v\0\0%{]\0\'\0\0G5\0WJ\0n\0Ow\0\0\0k\0fe\0?pk\02\0\0nZWw\0x\05-z/$:D\0?\0e@%\0$B\0(=((\0i\0hנxKJ_;W_+ѯ@\0v?J<%\0%{/?%\0$B\0(	^\0p\'j\0<[\0%{\0k\0f_\0kWxJï\0:ן̿4\0ۧ֠ſH~O\0J\0ٗft\0xIï\0B2\0\0nZ?\0?|\0\06\0\0\0\0hƿj?\0\0\0hƿj\0\n\0ſWO\0I־@[\0%{\0h b\0/^KI\0oQ%y\0_\0k>	!п\0J$_W\"\03\0IڼſH~O\0J\0_W\"\03\0IڼſH~O\0J;\0ٗft\0͡\0\0e\0?h\n\0m\0}_?\0͡\0\0\0~̿4\0֣ۧ\0~̿4\0ۧ֠@o_\0u_W\"\03\0Iڏ\0^u\0q?\'Z<%\0%{/?>6\0^\0I\0\0|m\0\0ۿ]\0\0\Z\0٨\0i\0O\\+\0<u̿4\0֮ۧow\0:\0 b\0/^KI\0oQ%y\0_\0k>	!п\0J$@(\0(\0keo{\05\0N\0\0k<%\0%{/?\0%\0$B\0(	^\0p\'j>	!п\0J$_W\"\03\0Iڀ\0^u\0q?\'Z\0ٗft\0-\0N\0/?\0o_\0҅\0e\0?p-\0CP̿4\0ۧ֠m\0}_?\0͡\0\0(\0?\0?|?\0;\0q?\0?|?\0;\0q<o_\0u+\0\0^u\0q?\'Z\0\0X\0נ|\0CI^kZ_Ht/x\0҉(\0\0v\0o_\0҅\0v\0o_\0҅\0e\0?hi\0OG\0\0\0C\0?\0_@W\0h\0\04w_5/?\0\04w_5/?\0<[\0%{\0h\0vſWO\0I֏	^\0p\'j\0Ww\0x\04w_5pk\0\0hƿj\0?f_\0kWJ\0n\0Ow\0/?\0\0%{]\0\';\0X\0נ|\0CI^kZ_Ht/x\0҉((\0(\0\0\0[\0z|E\0g~\0<vw=Axc/#\0lV\'Ɍݜǽ\0s\0_\0Q/+\0]|1\0w,t}g/vN1{Qxc/#\0lV\'Ɍݜǽ\0s-\0N\0/?\05jxÚ\0<oyфq9/W?ڟ7\0.V͛\0lJ\0\0!u\0q?(Z\0f_\0kWA4Ho\0;:@\0wqu9/W?ڟ7\0.V͛\0lJ\0\0?\0?y\0+/?k\0ٿ\0W(\0?\0?|?\0;\0qZ@\0\0x!7\0omG3ٷ>+\0\0^u\0q?\'Z\0f_\0k5jxÚ\0<oyфq9\05-z/$:Dx&?7?$n?߻>\0;:>_3Wt\0w\'ݎ\0v\0o_\0҅ez\0<ퟳ~1;?\0jxCÚ$~W7w \r:P?2\0\0nZ?\0?¹\0vlg;Q\0\n- _\0ox\0j\0\n\0m\0}^\0\n- _\0ox\0j\0\0\0G5\0Q2\0\0nZ\0\0\0o>џ͹ϵ¹\0vlg;P+\'\0G|E\0gt\Z?<_W7qn}썸zQxc/#\0lV\'Ɍݜǽ\0|J\0n\0Ow\0\0\0k\0f\01}\0	>fݱ}0g;sӽte\0wM\0F\0.~\0vmϾ}\0f_\0kWJ\0n\0O{\0/_?o\0+]7\0\0n_&>/\0#ڼ}۶5Onzw/\0_\0Q_ۿ\0\0_\0gc~{c޺cXlg|^^3ܜcv:(((((((o=^jmg[ҸE팁9#3^i࿊u-G}/fY|ѿh2.2I4A×^Ķ2Mm+c7\\=n#&R{t͝5X׍,|Kq=ԴBRȝ\'U\\ɻ+x#dgGGé5G:5ntr1U0\n~\Zּ[o]K!<ֺX2$,CJvIp}nRtH|A`etK\r\\<0\\2̻r%VC\n^CLJuȐ=ZE\ror\0:gF|>ѯ~\nė[{GSja5vWr.s3h^$<%Knnlom̊vvH7\0hɮ5wnic̈́):P|-<ic}.G KuOKE9_@_L]kms[#WĶ&\n=dYGbI`0:3h^$<%Knnlom̊vvHq\0B</eQ8,#$98E^06AHWo&]Aa73fapp[cnEG}Z}ÿxH08+\n\0.~Qs~&ӼWMGI3b<4byah|\\Y\0JJ+٠	kַ\ZіQ|\0/w[18]ǮW\0CI^@Q@Q@Q@Q@Q@Q@'),('ID-004','\0JFIF\0\0\0\0\0\0\0C\0		\n\r\Z\Z $.\' \",#(7),01444\'9=82<.342\0C			\r\r2!!22222222222222222222222222222222222222222222222222\0\0P`\"\0\0\0\0\0\0\0\0\0\0\0\0	\n\0\0\0\0}\0!1AQa\"q2#BR$3br	\n\Z%&\'()*456789:CDEFGHIJSTUVWXYZcdefghijstuvwxyz\0\0\0\0\0\0\0\0	\n\0\0\0w\0!1AQaq\"2B	#3Rbr\n$4%\Z&\'()*56789:CDEFGHIJSTUVWXYZcdefghijstuvwxyz\0\0\0?\0(>V\0^/+\0^M̭\0oF_W\"\03\0Iڀ_Ht/x\0҉(\0v?J<%\0%{/?\0o_\0u?\0\0?^+\'\0^\07y8\0!u\0q?(Z\0f_\0kW$?\'\0]\0\03Oj\0?\0\0\07y?\0?@\0$]\0(\0^u\0q?\'Z>6\0!\0J#ſWO\0Iր>@[\0%{\0k\n\0ſWO\0Iր<\0/\0_\0W@\0\0p_?J\0<%\0%{/?<[\0$\0k%\0%{/?<[\0$\0hi\0OG\0?f_\0kQ\06>\0\0\0\0\0\0>\0\0G\03Oj>\0\0G\03Oj\0\0^u\0q?\'Z\0X\0נxJï\0:ן@\0\0p_8_W/x\0y+%\0%{/?>	^п\0I\0v\0o_\0҅\0!u\0q?(Z>\0C\0?\0\\+\0<u\0͡\0\0ow\0:\0\0\0\0M̭\0oF?\0?~_+Ѡ_H~\"\03\0J\Z	!\0p(j<%\0$/?\0҆\0n\0υ\0h\0\0?G5\02\0\Z\0>\0\0G\03Oj>\0\0G\03Oj\0((\0i\0hנxKJ_;W_+ѯ@\0v?J<%\0%{/?%\0$B\0(	^\0p\'j\0<[\0%{\0k\0?WxJï\0:ן\0ſH~O\0J\0ٗft\0xIï\0B2\0\0nZ?\0?m\0w|(>6\0!\0J#ſWO\0I֏Huw\0҈o_\0u+\0\0^u\0q?\'Zo_\0u?\05-z/$:D\0?\0e@%\0$B\0(	^\0p\'j\0!u\0q?(Z\0	^\0p\'j\0!u\0q?(Z\0\0f_\0kQ\06ٗft\0͡\0\0+\0?\0?|\0\06\0G5\0Q2\0\0nZ\0G5\0Q2\0\0nZ=ſWO\0Iּ\0/\0-\0N\0?\0e?J\0	^\0p\'j_W/x\0y+%\0%{/?<[\0$\0kſH~O\0J\0\0\0J\0n\0Ow\0h\0%{]\0\';\0?\0?~_+ѣm\0\0h\0҆_H~\"\03\0J\Z	!\0p(j<%\0$/?\0\0?G5\02\0\Z??QM̭\0oF\0G5\0Q2\0\0nZ\0G5\0Q2\0\0nZ>(\0(\0keo{\05\0N\0\0k<%\0%{/?\0%\0$B\0(	^\0p\'j>	!п\0J$_W\"\03\0Iڀ\0^u\0q?\'Z\0\0>-\0N\0w|(o_\0҅\0e\0?p-\0CP̿4\0ۧ֠m\0w|(\0C\0?\0G\0\n\0Huw\0҈o_\0uow\0:<[\0%{\0h\n\0ſWO\0I־@[\0%{\0h b\0/^KI\0oQ%y\0_\0k>	!п\0J$_W\"\03\0IڼſH~O\0J\0_W\"\03\0IڼſH~O\0J;\0ٗft\0͡\0\0e\0?h\n\0m\0}_?\0͡\0\0\0~̿4\0֣ۧ\0~̿4\0ۧ֠@o_\0u?\05-z|:\0y\0_\0h%\0%{B\0\'\0_W\"\03\0Iڼ?J\0	^\0p\'j\0\0!u\0q?(Z@o_\0҅\0?\0?|m\0\0ۿ]\0\0>6\0^\0I\0m\0\0h\0C\0?\0G5\02\0\Z\0<%\0$/?\0҆_H~\"\03\0J\Z	!\0p(j\0\0?QM̭\0oF\0>~_+Ѡ\0~̿4\0֣ۧ\0~̿4\0ۧ֠(\0(\0\0\0[\0z|E\0g~\0<vw=Axc/#\0lV\'Ɍݜǽ\0s\0_\0Q/+\0]|1\0w,t}g/vN1{Qxc/#\0lV\'Ɍݜǽ\0s-\0N\0w|+5jxÚ\0<oyфq9]O\0\0\0-\0CP̿4\0֮ۧWh_i\0wyt6s]/_?o\0+]7\0\0n\0h\0\0?^\0\n- _\0ox\0j?Y\0_~\0NO\0/@$:\0DtxJï\0:AoccW\0+۶E^j5\0y_iǕ	6s@W-\0N\0̿77\0װj5\0y_iǕ	6s@?kZ_Ht/x\0҉(/LoI/vv=]|1\0w,t}g/vN1{P?/+\0^$?\'\0_O\0y?fǕc)wg91^4Ho\0;:@\0wqu9e\0?h>|2\0s\0_lٿwtZ@\0\0\0\0\0Z@\0\0\0\0\0k\0fe\0?za\0?\0˶ߴ}?흛sj>|2\0s\0_lٿwtſWO\0Iּ\0/\0\Z?<_W7qn}썸zW?_ۿ\0\0_\0gc~{cހ<?J\0	^\0p\'j/\0g>\'1=;Wi\0y?fǕc)wg91@0xIï\0BOxs@\0Oû|Sj\n\0\0m\0pk\0׿\0²\0C\0}<{\0?{ڹ\0|\0\0$cWvƩN\0͡\0\0\0[\0z+/?k\0ٿ\0W7_M\0\0˷~ր<_H~\"\03\0J\Z	!\0p(j#__<GG\0l\0a2aݜǽ\ZGx@\07÷d/|û9Qz\0\0?QM̭\0oF]O\0\0\0|Me\0/&\0\0`߿gkl@\0hƿj?f_\0kWx!7\0omG3ٷ>/W?ڟ7\0.V͛\0lJ\0\n(\n(\n(\n(\n(\n(\n(\n(\n(9?z\Z8ҵWP}.hݴ;r8-zsxkw}h#MOIfVanrsqAs3O^xy-l{IV	$BaCT!#$dxP[Xa=d<4F08\0K_67Vҍjh\"[K{tH$6U7^-⻛s\0;/&VؖQ\'`.OE|5׵MW7~ ~D:՗$3X2g 7c~>WUos)5[A9b$2\0;_67Vҍjh\"[K{tH$6U7^-⻛s\0;/&VؖQ\'`.OE|5׵MW7~ ~D:՗$3X2g 7c~>WUos)5[A9b$2\0=3^4-bRPJluK\"v	Urw&Aq7ŻMK:!,5slp2ʧ Y+Xz_嶵ԯ\ror!g\ZSwO<<O\ZXI|5KK[[Gu6#Wi	Uw Qr8\0.}_xpt>s]-|iL\rw[zc2sп|j>oC;sg7cn{㚯\07\0rן\0h/u-s\\Du[O!v${ܸR	`FhSĺ~.A5mAt37,yo9\0i\0SBɪ\0dOvϝݍj/ʟw^\0?r[{m>ЇؒclQgrCH%(\0(\0(\0(\0(\0(\0(\0(\0'),('ID-005','\0JFIF\0\0\0\0\0\0\0C\0		\n\r\Z\Z $.\' \",#(7),01444\'9=82<.342\0C			\r\r2!!22222222222222222222222222222222222222222222222222\0\0P\"\0\0\0\0\0\0\0\0\0\0\0\0	\n\0\0\0\0}\0!1AQa\"q2#BR$3br	\n\Z%&\'()*456789:CDEFGHIJSTUVWXYZcdefghijstuvwxyz\0\0\0\0\0\0\0\0	\n\0\0\0w\0!1AQaq\"2B	#3Rbr\n$4%\Z&\'()*56789:CDEFGHIJSTUVWXYZcdefghijstuvwxyz\0\0\0?\0(>V\0^/+\0^M̭\0oF_W\"\03\0Iڀ_Ht/x\0҉+ b\0/^KI\0oQ%y\0_\0h%\0%{B\0\'\0_W\"\03\0Iڼ?J\0	^\0p\'j\0>	!п\0J$_W\"\03\0Iڏ_Ht/x\0҉(\0v\0\0҆\0n\0υp\0CP\0@\0$]\0(\0^u\0q?\'Z>6\0!\0J#ſWO\0Iր>@[\0%{\0k\n\0ſWO\0Iր<\0/\0_\0W@\0\0p_?J\0<%\0%{/?<[\0$\0k%\0%{/?<[\0$\0hi\0OG\0?f_\0kQ\06\0>\0ן\0@\0$]\0(\0^u\0q?\'Zo_\0u(\0\0^u\0q?\'ZWw\0x[\0%{\0k>6\0^\0I\0\0\0N\0\0\0k\0f@\0v?i\0O\\+\0<u̿4\0֮ۧow\0:\0 b\0/^KI\0oQ%y\0_\0k>	!п\0J$@(\0(\0keo{\05\0N\0\0k<%\0%{/?\0%\0$B\0(\0/\0_\0W@\0\0p_8_W/x\0y+%\0%{/?>	^п\0I\0v?J<%\0%{/?%\0$B\0(	^\0p\'j\0	!\0p(j\0?W/$?\0\r]\0\0\n\0Huw\0҈o_\0uow\0:<[\0%{\0h\n\0ſWO\0I־@[\0%{\0h b\0/^KI\0oQ%y\0_\0k>	!п\0J$_W\"\03\0IڼſH~O\0J\0_W\"\03\0IڼſH~O\0J;\0ٗft\0͡\0\0e\0?h\0\0\0?^I\0n\0Qy\0\0\nHuw\0҈\0o_\0u+\0\0^u\0q?\'Z>o_\0u\0\0%{]\0\'\0ſWO\0Iּow\0:\0\0\0^/+\0^\0hƿj	^\0p\'j\0\0ٗft\0|m\0\0ۿ]\0\03Oj>6\0^\0I\0/\0_\0W@\0\0p_?J\0\n(\n(>V\0^/+\0^M̭\0oF_W\"\03\0Iڀ_Ht/x\0҉+ b\0/^KI\0oQ%y\0_\0h%\0%{B\0\'\0_W\"\03\0Iڼ?J\0	^\0p\'j\0>	!п\0J$_W\"\03\0Iڏ_Ht/x\0҉(\0v\0\0҆\0n\0υp\0CP\0@\0$]\0(\0^u\0q?\'Z>6\0!\0J#ſWO\0Iր>@[\0%{\0k\n\0ſWO\0Iր<\0/\0_\0W@\0\0p_?J\0<%\0%{/?<[\0$\0k%\0%{/?<[\0$\0hi\0OG\0?f_\0kQ\06\0>\0ן\0@\0$]\0(\0^u\0q?\'Zo_\0u(\0\0^u\0q?\'ZWw\0x[\0%{\0k>6\0^\0I\0\0\0N\0\0\0k\0f@\0v?i\0O\\+\0<u̿4\0֮ۧow\0:\0 b\0/^KI\0oQ%y\0_\0k>	!п\0J$@(\0(\0keo{\05\0N|Me\0/&\0\0`߿gkl]_goy[|&2{\'vs\0CI^kZcXlg|^^3ܜcv:1\0\0	\'ؿwϏǽ\0x/+<\0N\'_!/\0#g|}ݺ6Ocvzv@<1\0\0l~+oSdscހ9\0_Ht/x\0҉(\0v>\0;:>_3Wt\0w\'ݎ<1\0\0l~+oSdscހ>`\0҆\0n\0υt\ZGx@\07÷d/|û9Qz?Y\0_~\0NO\0/@$:\0DtxJï\0:AoccW\0+۶E^j5\0y_iǕ	6s@W-\0N\0̿77\0װj5\0y_iǕ	6s@?kZ_Ht/x\0҉(/LoI/vv=]|1\0w,t}g/vN1{P?/+\0^$?\'\0_O\0y?fǕc)wg91^4Ho\0;:@\0wqu9e\0?h>|2\0s\0_lٿwtZ@\0\0\0w|+>6\0!\0J#]O\0\0\0xB@g\06_g;q׽\0s-\0N}cSc}V;Ό\'یgϵx\03/MM\0-\0Nk\0?<_W7qn}썸zW_&>/\0#ڼ}۶5Onzw\0\0Nx!7\0omG3ٷ>H_G7<OO9Az\0\0ٗft\0|m\0\0ۿ^\0+O\0h}\0o+f\0sۥs6\0	\0H/a6Sy9۞\05-z/$:Dx&?7?$n?߻>\0;:>_3Wt\0w\'ݎ(\0(\0(\0(\0(\0(\0(\0zcw\ZsoWN\0H$qY,Y\"cm01@,8 뚢Z΋y*W9HbG\\7\0tzO+Mq\Z+#h\nh9VUARqg74Ӽ5ibhZ-\0Ldg}pF4\n&~\"k#y#`+c,;Tc\0^yoM\0e2i5ƒPskBIifߟRNHz$\Zo}jnbF<\0>\0O\\u{x\\<=K&Iv<(\\([*C.8\0>%xZa\0	\\Zdlh(\0¯*;sp&xuƐ [{^Ss7]W|EY.pjo~QFr)M9<~X[\Z\0A]I4zLk!@@rRv\0+7*tKJ$fA@Pxʹ1WqۜGY7-#î4o\"jZdQ(g8Ϯ@供/uHcP{{3IMoQ6GS5 ExIf]\neW\nʐ˴\0A<7V\\[J6dGjJ}6c.pjo]EʤFdu?SW(\0(\0(\0(\0(\0(\0('),('ID-006','\0JFIF\0\0\0\0\0\0\0C\0		\n\r\Z\Z $.\' \",#(7),01444\'9=82<.342\0C			\r\r2!!22222222222222222222222222222222222222222222222222\0\0T4\"\0\0\0\0\0\0\0\0\0\0\0\0	\n\0\0\0\0}\0!1AQa\"q2#BR$3br	\n\Z%&\'()*456789:CDEFGHIJSTUVWXYZcdefghijstuvwxyz\0\0\0\0\0\0\0\0	\n\0\0\0w\0!1AQaq\"2B	#3Rbr\n$4%\Z&\'()*56789:CDEFGHIJSTUVWXYZcdefghijstuvwxyz\0\0\0?\0(>V\0^/+\0^M̭\0oF_W\"\03\0Iڀ_Ht/x\0҉+ b\0/^KI\0oQ%y\0_\0h>	!п\0J$_W\"\03\0Iڏ_Ht/x\0҉(\0v?\0C\0?\0G\0\Z\0٨\0C\0?\0G\0\Z\0٨>6\0!\0J#@?\0$]\0(>\0C\0?\0G\0\Z\0٨\0C\0?\0G\0\Z\0٨\0i\0O^+\'\0^2\0\0nZſWO\0Iր	^\0p\'j	!\0p(j\0	^\0p\'j	!\0p(j\0\0?J\n\0_Ht/x\0҉(\0\0v\0\0҆\0v\0\0҆\0\0[\0z|E\0gy\05\02\0\Z	^\0p\'j\0<[\0%{\0h\0$]\0(\0^u\0q?\'Z>6\0!\0J#?V\0^/+\0^M̭\0oF_W\"\03\0Iڀ<_H~\"\03\0J\Z<%\0$/?\0\0e\0??\0ee\0??\0e_H~\"\03\0J\Z\0?J	!\0p(j\0_Ht/x\0҉(>	^п\0IſH~O\0J_W/x\0y(o_\0҅袊\0(\0(\0\0\0[\0z|E\0gy\05\02\0\Z	^\0p\'j\0>	!п\0J$?\05-z/$:D\0?\0e@%\0$B\0(	^\0p\'j>	!п\0J$_W\"\03\0Iڀ<\0m\0\0\0k\0fm\0\0\0k\0f@\0$]\0(\0ow\0:\n\0\0m\0\0\0k\0fm\0\0\0k\0fe\0?z|:\0y\0\03Oj\0^u\0q?\'Z\0<%\0%{/?<%\0$/?%\0%{/?<%\0$/?\0_Ht/x\0҉++	!п\0J$_W\"\03\0Iڼ_H~\"\03\0J\Z\0_W\"\03\0Iڼ_H~\"\03\0J\Z;\0keo{\05\0N\0\0k<%\0%{/?\0o_\0uow\0:<[\0%{\0h\0$]\0(<\0\0[\0z|E\0gy\05\02\0\Z	^\0p\'j\0	!\0p(j@\0҆\0ٗft\0|@\0\0p_ٗft\0|@\0\0p_8	!\0p(j\0_Ht/x\0҉+<%\0$/?	!п\0J$\0%\0%{B\0\'\0!u\0q?(Z>	^п\0IſH~O\0J>(\0(\0(\0keo{\05\0N\0\0k<%\0%{/?\0%\0$B\0(\0/\0_\0W@\0\0p_=?J<%\0%{/?%\0$B\0(	^\0p\'j\0\0?\0?|?\0;\0q?\0?|?\0;\0q=ow\0:\n\0Huw\0҈(\0?\0?|?\0;\0q?\0?|?\0;\0qٗft\0-\0N\0/?\0<[\0%{\0h\0\0v\0\0҆\0v\0\0҆	!п\0J$@?%\0$B\0(	^\0p\'j	!\0p(j\0	^\0p\'j	!\0p(j\0\0i\0hנxKJ_;W_+ѯ@\0vſWO\0I֏Huw\0҈o_\0uow\0:\0\0keo{\05\0N\0\0k<%\0%{/?<%\0$/?_H~\"\03\0J\Z\0f_\0kQkZ?f_\0kQkZ\0<%\0$/?	!п\0J$\0\0҆%\0$B\0(<?J<[\0$\0h%\0%{B\0\'\0!u\0q?(Z\0(((\0i\0hנxKJ_;Q7,o\0g\0o7~1߭t\ZG?_=oٿqm|}z{?KI\0oQ%y\0_\0k<C!c}e?y{Hrqڹ\0|2\0&G$b\0mg>?c\0|\0CIG|E\0gt	!>ϲۤg8uF_goy[|&2{\'vs\0h\04w_5z+/?k\0ٿ\0W\0//Co\07vgn}@$:\0DuB@g\06_g;q׽t\0\0>\0\0^\0\n- _\0ox\0j<?\0]\0l۟|P̿4\0ۧ֯@o_\0u/W?ڟ7\0.V͛\0lJ5jxÚ\0<oyфq9_W\"\03\0Iڼ_H~\"\03\0J\Z<1\0\0l~+oSdsc޼\0H?f\0v>Lwg81@^KI\0oQ%zs	!>ϲۤg8u@\0|E\0gxE\0g5}?xc/#\0lV\'Ɍݜǽy//#?#~\0|0qcހ9\0keo{\05\0N|Me\0/&\0\0`߿gkl]_goy[|&2{\'vsJï\0:I\0n\0Qt\Z?<_W7qn}썸zQoccW\0+۶E^\0\0k<%\0%{/?7_M\0\0˷~ֺ\r#~/7g߸>Le>N==	!\0p(jH?f\0v>Lwg81^@?̿4\0֣ۧ/\0¹\0vlg;Q_ۿ\0\0_\0gc~{cހ<_H~\"\03\0J\Z\0?J~\0	oo_vs	!>ϲۤg8u@0|\0G:\0-z\0~\0?}|ۣda7gj5ڞ\0	wHn1>QE\0QE\0QE\0QE\0QE\0QE\0QE\0QE\0QYޕϧ}a72a|ؚ\0|a{,ZfZŧk8W	>rI98 +	E17YԡF4ۣӃO(g1e8 ]YuO	RnGLkIo\\zAܼ#\Z\0[RFѯKEQK2@oUzNz,5[ٵȄVVVlXPq\\dG\0g0e_k6[CxEam l2i5υ>-\0k͟d\0Qɻ7\\\0{Ņ۴kϳoĒ7	H\0vaՊ?O{gG\Z^mF*C3d)b1@u<mq\\^ީ7UAonq\0I,\02\0_˟\0f~g;zدS\'ﵸ<5@fس1|0bV_4\04O+{{`4#QEK/̧\rxڟct%\rGpNWp}čsH> tm?@Asĳ͎@]PFH<~>tu9Tq&hi6o cvAW\'T/\\t\0ϘwaaHJ>X((((((((((((((0DE=C43K\"262+F	\09^|Wkz=ѻԭQ#DP)Gj(\n~)\Z:vwkowz-\"m\ZƇnR\"\0#$v?)\0`\"(71:w({i/$Dܪ,9-\'AY:V. FI(Cg#(	\\ǰZԚ7+rc/;\0\n`K1\\&k/w,rqpw:*\0(Q@W]3^ca	BAp$+\0ɣp߈uw$N}ukzp[2Ic!\\$3c\0}k>+5sTVƉj\n(\n}E\0QE\0QE\0QE\0QE\0QE\0QE\0QE'),('ID-007','\0JFIF\0\0\0\0\0\0\0C\0		\n\r\Z\Z $.\' \",#(7),01444\'9=82<.342\0C			\r\r2!!22222222222222222222222222222222222222222222222222\0\0PJ\"\0\0\0\0\0\0\0\0\0\0\0\0	\n\0\0\0\0}\0!1AQa\"q2#BR$3br	\n\Z%&\'()*456789:CDEFGHIJSTUVWXYZcdefghijstuvwxyz\0\0\0\0\0\0\0\0	\n\0\0\0w\0!1AQaq\"2B	#3Rbr\n$4%\Z&\'()*56789:CDEFGHIJSTUVWXYZcdefghijstuvwxyz\0\0\0?\0(>V\0^/+\0^M̭\0oF_W\"\03\0Iڀ_Ht/x\0҉(\0v?J<%\0%{/?\0f_\0kWxJï\0:ן̿4\0ۧ֯@o_\0u\0o_\0҅\0!u\0q?(Z>\0C\0?\0G5\02\0\Z?\0\0M̭\0oF>\0\0_@W\0\0\0k\0fe\0?z|:\0y\0\03Oj\0^u\0q?\'Z\0<%\0%{/?\0f_\0kWxKJ_;W̿4\0ۧ֠@o_\0u\0o_\0҅o_\0u\0o_\0҅\0?\0?|\0\06keo{\05|\0M̭\0oF\0\0G\03Oj>\0\0G\03Oj\0\0^u\0q?\'Z\0\0>-\0N\0w|(%\0%{B\0\'\0_W\"\03\0Iڼ?J\0	^\0p\'j\0	!\0p(j\0f_\0kW/$?\0\r]\0\03Oj\0?\0\0\0\0>\0C\0?\0\\:\0-w\0ho_\0҅\0$]\0(_H~\"\03\0J\Z\0ow\0:	!\0p(j\0\0?W\0\0\n\n(\n(>V\0^/+\0^M̭\0oF_W\"\03\0Iڀ_Ht/x\0҉(\0v?J<%\0%{/?\0f_\0kWxJï\0:ן̿4\0ۧ֯@o_\0u\0o_\0҅\0!u\0q?(Z>\0C\0?\0G5\02\0\Z?\0\0M̭\0oF>\0\0_@W\0\0\0k\0fe\0?z|:\0y\0\03Oj\0^u\0q?\'Z\0<%\0%{/?\0f_\0kWxKJ_;W̿4\0ۧ֠@o_\0u\0o_\0҅o_\0u\0o_\0҅\0?\0?|\0\06keo{\05|\0M̭\0oF\0\0G\03Oj>\0\0G\03Oj\0\0^u\0q?\'Z\0\0>-\0N\0w|(%\0%{B\0\'\0_W\"\03\0Iڼ?J\0	^\0p\'j\0	!\0p(j\0f_\0kW/$?\0\r]\0\03Oj\0?\0\0\0\0>\0C\0?\0\\:\0-w\0ho_\0҅\0$]\0(_H~\"\03\0J\Z\0ow\0:	!\0p(j\0\0?W\0\0\n\n(\n(>V\0^/+\0^M̭\0oF_W\"\03\0Iڀ_Ht/x\0҉(\0v?J<%\0%{/?\0f_\0kWxJï\0:ן̿4\0ۧ֯@o_\0u\0o_\0҅\0!u\0q?(Z>\0C\0?\0G5\02\0\Z?\0\0M̭\0oF>\0\0_@W\0\0\0k\0fe\0?z|:\0y\0\03Oj\0^u\0q?\'Z\0<%\0%{/?\0f_\0kWxKJ_;W̿4\0ۧ֠@o_\0u\0o_\0҅o_\0u\0o_\0҅\0?\0?|\0\06keo{\05|\0M̭\0oF\0\0G\03Oj>\0\0G\03Oj\0\0^u\0q?\'Z\0\0>-\0N\0w|(%\0%{B\0\'\0_W\"\03\0Iڼ?J\0	^\0p\'j\0	!\0p(j\0f_\0kW/$?\0\r]\0\03Oj\0?\0\0\0\0>\0C\0?\0\\:\0-w\0ho_\0҅\0$]\0(_H~\"\03\0J\Z\0ow\0:	!\0p(j\0\0?W\0\0\n\n(\n(>V\0^/+\0G߆_𱿲\0o7]~i\0y?fǕc)wg91@\0/$:DxKJ_;WAl/\0+ݺFn^i\0y?fǕc)wg91@?2\0\0nZſWO\0I֏_\\\0jCWy[6o\0m+1\0k\0l򿱾+wFdm3ڀ>`o_\0҅ڞ\0	wHn1>\0\0?i\0hנ²\0C\0}<{\0?{ڏce\0?oy\0mqh+\0\0G5\0We\0wM\0F\0.~\0vmϾ}\0f_\0kWxJï\0:+O\0h}\0o+f\0sۥt\Z?<_W7qn}썸zP?/+\0^2\0\0nZH_G7<OO9Az|2\0s\0_lٿwtſWO\0IּſH~O\0J1\0k\0l򿱾+wFdm3ڼ\0Wh_i\0wyt6s@_?\0͡\0\0+\0Yš\0_߾\0Ow\0@M̭\0oF?7_M\0\0˷~ֽ>\04w_5/?\0<?\0]\0l۟|Q+O\0h}\0o+f\0sۥ\0-\0N\0w|+5jxÚ\0<oyфq9]O\0\0\0h_\0WKJ_;W?x_\0e?q/v>qڽH_G7<OO9Az\0_H~\"\03\0J\Z\0ٗft\0i\0!=?7g߿\'ɐF=eM\0>˷f\09Ҁ<\0m\0}^\0\n- _\0ox\0j\n\0\0m\0p-\0CP\0\0\0of\0;^\0Wh_i\0wyt6s@$:\0Du\0CP\01\0	/}^_3nFs{ן\0!=?7g߿\'ɐF=\0\0?_@W\0²\0\0	\0_w޽\n(\n(\n(\n(\n(\n(\n(\n(\n~\'SI=epsDX]\\\'^^+\'\0@o\r~LAoX!ǛhsȤ\"I$#<KQVyxx/.^Qu(C}IBz:`9V\0E%?)\0`\"55o\r~LAoX!ǛhsȤ\"I$#<KQVyxx/.^Qu(C}IBz:`9V\0E%?)\0`\"55o\r~LAoX!ǛhsȤ\"I$#<KQVyxx/.^Qu(C}IBz:`9V\0E%?)\0`\"55o\r~LAoX!ǛhsȤ\"I$#>xOKVIo5[֍V /1#,VO9Bp@_}\0!ύ\n\0)+B?YS\0-vE6ơ	R:cUHk\Z>.<IkgrK$\"4g3BWMq;-[w&bjN&JV]{rxJ{^v}I>6 \\[tg.NpˈL\0`/to><!y`5_\ZIIU݂a#Qܣ 8FH\0EPEPEPEPEPEPEPEP'),('ID-008','\0JFIF\0\0\0\0\0\0\0C\0		\n\r\Z\Z $.\' \",#(7),01444\'9=82<.342\0C			\r\r2!!22222222222222222222222222222222222222222222222222\0\0P\"\0\0\0\0\0\0\0\0\0\0\0\0	\n\0\0\0\0}\0!1AQa\"q2#BR$3br	\n\Z%&\'()*456789:CDEFGHIJSTUVWXYZcdefghijstuvwxyz\0\0\0\0\0\0\0\0	\n\0\0\0w\0!1AQaq\"2B	#3Rbr\n$4%\Z&\'()*56789:CDEFGHIJSTUVWXYZcdefghijstuvwxyz\0\0\0?\0(>V\0^/+\0^M̭\0oF_W\"\03\0Iڀ_Ht/x\0҉(\0v?J<%\0%{/?\0\0\0KJ\0oO%w\0h%\0%{B\0\';\0?\0?|\0]\0\0>	^п\0I\0m\0w|(\0C\0?\0G\0\n\0	^\0p\'j<[\0%{\0h\0vſWO\0Iր<ow\0:\0\0\\+\0<u?\0;\0qX\0\06X\0\06>\0\0\0\0\0\0>	^п\0I\0m\0ph_\0W\068\0!u\0q?(Z\0\0\0$?\'\0]\0\0\0?i\0hM̭\0oFkeo{\04~_+Ѡ\0\0?J\0	^\0p\'j_W/x\0y+%\0%{/?\0f_\0kWKJ\0oO%w\0/?\0%\0%{B\0\';\0?\0?͡\0\0m\0h\0V\0G\0\Z\0٨V\0G\0\Z\0٨<%\0%{/?\n\0_W\"\03\0Iھ@%\0%{/?\n\0_W\"\03\0Iھ@%\0%{/?<[\0$\0k%\0%{/?<[\0$\0h6\0!\0J#ow\0:>6\0!\0J#ow\0:\0>	!п\0J$\0%\0%{B\0\'\0?J_W/x\0y(\0o_\0҅\0!u\0q?(Z\n(\n(>V\0^/+\0^M̭\0oF_W\"\03\0Iڀ_Ht/x\0҉(\0v?J<%\0%{/?\0\0\0KJ\0oO%w\0h%\0%{B\0\';\0?\0?|\0]\0\0>	^п\0I\0m\0w|(\0C\0?\0G\0\n\0	^\0p\'j<[\0%{\0h\0vſWO\0Iր<ow\0:\0\0\\+\0<u?\0;\0qX\0\06X\0\06>\0\0\0\0\0\0>	^п\0I\0m\0ph_\0W\068\0!u\0q?(Z\0\0\0$?\'\0]\0\0\0?i\0hM̭\0oFkeo{\04~_+Ѡ\0\0?J\0	^\0p\'j_W/x\0y+%\0%{/?\0f_\0kWKJ\0oO%w\0/?\0%\0%{B\0\';\0?\0?͡\0\0m\0h\0V\0G\0\Z\0٨V\0G\0\Z\0٨<%\0%{/?\n\0_W\"\03\0Iھ@%\0%{/?\n\0_W\"\03\0Iھ@%\0%{/?<[\0$\0k%\0%{/?<[\0$\0h6\0!\0J#ow\0:>6\0!\0J#ow\0:\0>	!п\0J$\0%\0%{B\0\'\0?J_W/x\0y(\0o_\0҅\0!u\0q?(Z\n(\n(>V\0^/+\0^M̭\0oF_W\"\03\0Iڀ_Ht/x\0҉(\0v?J<%\0%{/?\0\0\0KJ\0oO%w\0h%\0%{B\0\';\0?\0?|\0]\0\0>	^п\0I\0m\0w|(\0C\0?\0G\0\n\0	^\0p\'j<[\0%{\0h\0vſWO\0Iր<ow\0:\0\0\\+\0<u?\0;\0qX\0\06X\0\06>\0\0\0\0\0\0>	^п\0I\0m\0ph_\0W\068\0!u\0q?(Z\0\0\0$?\'\0]\0\0\0?i\0hM̭\0oFkeo{\04~_+Ѡ\0\0?J\0	^\0p\'j_W/x\0y+%\0%{/?\0f_\0kWKJ\0oO%w\0/?\0%\0%{B\0\';\0?\0?͡\0\0m\0h\0V\0G\0\Z\0٨V\0G\0\Z\0٨<%\0%{/?\n\0_W\"\03\0Iھ@%\0%{/?\n\0_W\"\03\0Iھ@%\0%{/?<[\0$\0k%\0%{/?<[\0$\0h6\0!\0J#ow\0:>6\0!\0J#ow\0:\0>	!п\0J$\0%\0%{B\0\'\0?J_W/x\0y(\0o_\0҅\0!u\0q?(Z\n(\n(>V\0^/+\0G߆_𱿲\0o7]~i\0y?fǕc)wg91@\0/$:DxKJ_;WAl/\0+ݺFn^i\0y?fǕc)wg91@?\06_W/x\0y+\0Yš\0_߾\0Ow\0\\\0~\0?}|ۣda7gj\0\0\0\0KJ\0oO%{\0+/?k\0ٿ\0WOC_c\0Gϲtl{8@\0\0??W²\0C\0}<{\0?{ڏV_w=\0ӿ{/+\0G|:\0t\ZG?_=oٿqm|}z{ѫcSc}V;Ό\'یgϵ\0|J\0n\0Ow\0\0\0k\0f\01}\0	>fݱ}0g;sӽte\0wM\0F\0.~\0vmϾ} b\0/G\0|2\0&G$b\0mg>?c²\0C\0}<{\0?{ڀ=\0C\0?\0_@W\0²\0C\0}<{\0?{ڀ<?J\0\0\0Ax_\0e?q/v>qںV_h\0ǝ{PxIï\0B\06\r__<9Gc}\0ay`یcϵt\0\0of\0;^\0?V\0G5\02\0\Zce\0?oy\0mqh7_M\0\0˷~ր<\0\0@\0//Co\07vgn}G+/\0k\0ۏٿ\0Y}>	^п\0I\0v?\0}\0	>~>^Ѳ}0ӵz_goy[|&2{\'vs\0/?\0%\0%{B\0\'\0/W?ڟ7\0.V͛\0lJ/\0g>\'1=;P?\06?\0?\0\0of\0;^\0Z@\0\0\0\0h\04w_5z߆_𱿲\0o7]~x!7\0omG3ٷ>_W\"\03\0Iھ@ez\0<ퟳ~1;\0e\0\0)=_W\"\03\0Iھ@ez\0<ퟳ~1;\0e\0\0)=_W\"\03\0IڼſH~O\0J<1\0\0l~+oSdsc޼\0Wh_i\0wyt6s@$:\0Dt|m\0C\0ۿG]1\0	/}^_3nFs{occW\0+۶E^\0CI^KJ\0oO%}?l/\0+ݺFn^	\0wu\0H_3anyݞ<[\0$\0k__<9Gc}\0ay`یcϵ{\0QE\0QE\0QE\0QE\0QE\0QE\0QE\0QE\0QE\0YG×zskkz@\0:[\0\0?⯋&+YuX]>wvR`\nH+<chϥk3j^Mt\0@2\0*g9=$c^ls;;V6qK.$@m1kx\0^tz?١Դ7WfQ\'HGV`W@0\0^Z7b{5e*.&Vʁ<q_L𝞽}k0ہko=.R̡<c_mOxRKǶ,x*%k\ZL\rimjPxnCKEq\0ă+@bFH`\0$\0/&C{^vei\0=ՐYir$9Iys7گm>s.jڍŞ\"$pO2zѬ4]j:/]	B\0Ra,R@(nO;_4Aj/$6\'aUbB@2dr\0\0.|6v<AO$.T#8݃q]Y\"\Z:5n(VMUeXf +)\\-uڞ<7z=u&$r WeKp\0bA$\\xOFWӧ\0Oh{ya\"T\\\rsSľuy-ǽҮdfg+\Z$ g\"Ec^\'=qi}#\0	o~ ԼIN))$Ͳ5F#**ppČQ&c7k=8]+	慖5v^÷>+cC=i%KgeyQ6儤s\0mHKMT\\gN%&^jR^B\r7G\r\'	W0C~|2-sq՟kAÖGi:wKb\0f\0/D\n]#9O\r@qu<9u\rMDӵ\'2@@vP\'_g4^ij^h[H|΁pw1eU<Ha?Qm`LOEƚ$s4~8-ڬj_\0oO&w7?Fݻo9V-4/}ƤA.i!e7@\0s2((\0(\0(\0(\0(\0(\0(\0(\0(\0'),('ID-009','\0JFIF\0\0\0\0\0\0\0C\0		\n\r\Z\Z $.\' \",#(7),01444\'9=82<.342\0C			\r\r2!!22222222222222222222222222222222222222222222222222\0\0P\"\0\0\0\0\0\0\0\0\0\0\0\0	\n\0\0\0\0}\0!1AQa\"q2#BR$3br	\n\Z%&\'()*456789:CDEFGHIJSTUVWXYZcdefghijstuvwxyz\0\0\0\0\0\0\0\0	\n\0\0\0w\0!1AQaq\"2B	#3Rbr\n$4%\Z&\'()*56789:CDEFGHIJSTUVWXYZcdefghijstuvwxyz\0\0\0?\0(>V\0^/+\0^M̭\0oF_W\"\03\0Iڀ_Ht/x\0҉+ b\0/^KI\0oQ%y\0_\0h>	!п\0J$_W\"\03\0Iڏ_Ht/x\0҉(\0v\0o_\0҅\0e\0?p-\0CP̿4\0ۧ֠m\0w|(\0C\0?\0G\0\n\0Huw\0҈o_\0uow\0:<[\0%{\0h\n\0ſWO\0I־@[\0%{\0h b\0/\\/+<@\0\0p__W/x\0y(%\0%{/?%\0$B\0(	^\0p\'j>	!п\0J$_W\"\03\0Iڼ_H~\"\03\0J\Z\0_W\"\03\0Iڼ_H~\"\03\0J\ZWw\0x\0C\0?\0\\+\0<u\0͡\0\0@o_\0u?i\0O^+\'\0^2\0\0nZ=ſWO\0I֏	^\0p\'j<[\0%{\0h\0v\0o_\0҅\0!u\0q?(Z>i\0O\\+\0<u̿4\0֮ۧow\0:\0 b\0/^KI\0oQ%y\0_\0k>	!п\0J$@(\0(\0keo{\05\0N\0\0k<%\0%{/?\0%\0$B\0(\0/\0_\0W@\0\0p_=?J<%\0%{/?%\0$B\0(	^\0p\'j\0\0!u\0q?(Z\0f_\0kW$?\'\0]\0\03Oj\0?\0\0\07y?\0?@\0$]\0(\0^u\0q?\'Z>6\0!\0J#ſWO\0Iր>@[\0%{\0k\n\0ſWO\0Iր<\0/\0|\0]\0_\0k%\0%{B\0\'=\0_W\"\03\0Iڏ_Ht/x\0҉(\0v?J\0<%\0%{/?<%\0$/?%\0%{/?<%\0$/?\0\0%{]\0\'\0?\0?|m\0\0ۿ]\0\0\0\0^u\0q?\'Z\0ٗft\0-\0N\0/?\0<[\0%{\0h\0vſWO\0I֏	^\0p\'j\0\0!u\0q?(Z@o_\0҅\0ٗft\0|m\0\0ۿ]\0\03Oj>6\0^\0I\0/\0_\0W@\0\0p_?J\0\n(\n(>V\0^/+\0^M̭\0oF_W\"\03\0Iڀ_Ht/x\0҉+ b\0/^KI\0oQ%y\0_\0h>	!п\0J$_W\"\03\0Iڏ_Ht/x\0҉(\0v\0o_\0҅\0e\0?p-\0CP̿4\0ۧ֠m\0w|(\0C\0?\0G\0\n\0Huw\0҈o_\0uow\0:<[\0%{\0h\n\0ſWO\0I־@[\0%{\0h b\0/\\/+<@\0\0p__W/x\0y(%\0%{/?%\0$B\0(	^\0p\'j>	!п\0J$_W\"\03\0Iڼ_H~\"\03\0J\Z\0_W\"\03\0Iڼ_H~\"\03\0J\ZWw\0x\0C\0?\0\\+\0<u\0͡\0\0@o_\0u?i\0O^+\'\0^2\0\0nZ=ſWO\0I֏	^\0p\'j<[\0%{\0h\0v\0o_\0҅\0!u\0q?(Z>i\0O\\+\0<u̿4\0֮ۧow\0:\0 b\0/^KI\0oQ%y\0_\0k>	!п\0J$@(\0(\0keo{\05\0N|Me\0/&\0\0`߿gkl]_goy[|&2{\'vs\0CI^kZcXlg|^^3ܜcv:1\0\0	\'ؿwϏǽ\0_\0Q/+\0]|1\0w,t}g/vN1{Qxc/#\0lV\'Ɍݜǽ\0|$?\'\0]\0\03Oj5ڞ\0	wHn1>|2e\0\nS&\0oٳm@\06\0>\0\0of\0;^\0]O\0\0\0\0|m\0C\0ۿGG|:\0t6&>>?yͻdWuFOs_gy[:0{#n1>}+\'\0^\0\0SwSm{Os_gy[:0{#n1>\0?\0e?J\0|2\0&G$b\0mg>?c\'_!/\0#g|}ݺ6Ocvzv_W\"\03\0Iڏ_Ht/x\0҉+<1\0\0l~+oSdscޏcXlg|^^3ܜcv:_W\"\03\0Iڼ_H~\"\03\0J\Z<1\0\0l~+oSdsc޼\0H?f\0v>Lwg81@AJ\0n\0Ow\0hL|_}\0G?ylj{]+/?k\0ٿ\0W\0o_\0u?i\0O^cSc}V;Ό\'یgϵs\0¹\0vlg;P+\'\0G|E\0gt\Z?<_W7qn}썸zQxc/#\0lV\'Ɍݜǽ\0|$?\'\0__׏\0\0<!?+?;ΐ?cN}(\0ٗft\0|m\0\0ۿ^\0+O\0h}\0o+f\0sۥs6\0	\0H/a6Sy9۞\05-z/$:Dx&?7?$n?߻>\0;:>_3Wt\0w\'ݎ(\0(\0(\0(\0(\0(\0(\0;\rx\"tu$Mkc7\0YX#D?\0$]\0()*`0Y/K_EF˺q-1~3)Esz=V;q\",sryB|Ccj:h[6Hdv`\0b9}*7`s$Ե[yֹ7ڳvۋvD^\\?EU?kƺΡ~]\r:/0D]ӍnQKq/O/ؼgfo㝿5r\0B|Ccj:h[6Hdv`\0b9}*7`g!_\Z6skkY lw<W)!m׍,|Kq=ԴBRȝ\'U\\ɻ+x#dg}nRtH|A`etK\r\\<0\\2̻r%VC\nV<5yxĺ)<CṴymu+3[ܰdHY!OF<+_\rnMHBF]s\0=o_6W {O`s, u\0|AXv<K8h\"eɀx(iy?5	jqDR[& s\"6ݤ\0skZ\\-BY6QXG$<+k?}UtB].v((((((('),('ID-010','\0JFIF\0\0\0\0\0\0\0C\0		\n\r\Z\Z $.\' \",#(7),01444\'9=82<.342\0C			\r\r2!!22222222222222222222222222222222222222222222222222\0\0P\"\0\0\0\0\0\0\0\0\0\0\0\0	\n\0\0\0\0}\0!1AQa\"q2#BR$3br	\n\Z%&\'()*456789:CDEFGHIJSTUVWXYZcdefghijstuvwxyz\0\0\0\0\0\0\0\0	\n\0\0\0w\0!1AQaq\"2B	#3Rbr\n$4%\Z&\'()*56789:CDEFGHIJSTUVWXYZcdefghijstuvwxyz\0\0\0?\0(>V\0^/+\0^M̭\0oF_W\"\03\0Iڀ_Ht/x\0҉(\0v?J<%\0%{/?\0?WxJï\0:ן\0@o_\0u?J\0\0>_\0W\0m\0pk\0\06Ww\0x\0C\0?\0^+\'\0^\06ſWO\0Iր<\0n\0υz$:\0Du\0w|+>6\0!\0J#_W\"\03\0Iڼ_H~\"\03\0J\Z\0_W\"\03\0Iڼ_H~\"\03\0J\Z;\0ٗft\0͡\0\0e\0?h\0҆\0m\0p\0CP\0͡\0\0\0[\0p-\0CP_+ѮſH~O\0J=\0ſWO\0Iּow\0:\0\0^u\0q?\'ZWw\0xV\0^/+\0^M̭\0oF_W\"\03\0Iڀ<_H~\"\03\0J\Z\0ٗft\0xKI_CW2\0\0nZٗft\0|@\0\0p_ٗft\0|@\0\0p_=ow\0:>6\0!\0J#ow\0:>6\0!\0J#\0%\0%{B\0\'\0\0G5\0WKJ\0oO%w\0\0\0k\0f@\0v+\0	^\0p\'j=\0n\0υz$:\0Du\0w|+>6\0!\0J#_W\"\03\0Iھ@%\0%{/?\n\0\0_W\"\03\0Iڼ\0m\0z|E\0gy\0\0\0_Ht/x\0҉+>	^п\0I%\0$B\0(?J\0<[\0$\0kſH~O\0J((\0i\0hנxKJ_;W_+ѯ@\0v?J<%\0%{/?%\0$B\0(	^\0p\'j\0\0\0>-\0N\0w|+<[\0%{\0h\0%\0$B\0(\0n\0υz/$:D\0w|(\0\0C\0?\0\\+\0<u\0͡\0\0ow\0:\0\0\0\0נxJï\0:ן\0͡\0\0@o_\0u?\0\0?^I\0n\0Qy\0\0\nHuw\0҈\0\0v\0\0҆\0v\0\0҆\0e\0?hi\0OG\0\0<%\0$/?\0C\0?\0\\E\0g5w\0h\0V\0\\:\0-w\0\0ko_\0҅o_\0u\0\0%{]\0\'\0ſWO\0Iּow\0:\0\0i\0hנxKJ_;W_+ѯ@\0v\0\0҆\0e\0?p\0CP̿4\0ۧ֠e\0??\0ee\0??\0e@\0$]\0(Huw\0҈\0$]\0(Huw\0҈>	^п\0I\0\0|\0]\0\0\Z\0٨<%\0%{/?\n\0_W\"\03\0Iھ@\0\0?^I\0n\0Qy\0\0\nHuw\0҈\0\0v+\0	^\0p\'j>\0v?\0C\0?\0^/+\0^\06=?J_W/x\0y+	!п\0J$\0%\0%{B\0\'\0!u\0q?(Z@o_\0҅\0(\0(\0keo{\05\0N\0\0k<%\0%{/?\0%\0$B\0(	^\0p\'j>	!п\0J$_W\"\03\0Iڀ<\0n\0υz|:\0y\0\0\n\0^u\0q?\'Z\0>	!п\0J$?\0\0?^KI\0oQ%y\0\0\n\0?\0\0J\0n\0Ow\0h\0%{]\0\';\0?\0?-\0N\0h<[\0%{\0h\0?W|m\0C\0ۿG^\07y½ow\0:\0<%\0%{/?<%\0$/?%\0%{/?<%\0$/?i\0OG\0?f_\0kQ\068	!\0p(j\0\0\0/$?\0\r]\0\0\0?i\0h$?\'\0]\05\02\0\Z<[\0$\0h[\0%{\0k>6\0^\0Io_\0u\0\0%{]\0\';\0keo{\05\0N\0\0k<%\0%{/?<%\0$/?i\0O\\E\0g5w\0/?\0\0i\0OG_\0hi\0OG_\0h>6\0!\0J#ow\0:>6\0!\0J#ow\0:\0_W/x\0y+\04w_5ph_\0W\0hƿj\0	^\0p\'j\0v(\0?W|m\0C\0ۿG^\07y½ow\0:\0<%\0%{/?\n\0_W\"\03\0Iھ@%\0%{/?\0\0\0נxKJ_;W\0͡\0\0@%\0$B\0(?J\0_Ht/x\0҉+>	^п\0IſH~O\0J<[\0$\0k\0(\0(\0\0\0[\0z|E\0g~\0<vw=Axc/#\0lV\'Ɍݜǽ\0s\0_\0Q/+\0]|1\0w,t}g/vN1{Qxc/#\0lV\'Ɍݜǽ\0x\0\0\n\0^u\0q?\'Z?Y\0_~\0NO\0/]Os_gy[:0{#n1>\0CI^\07y½>\0;:>_3Wt\0w\'ݎ\0e\0{q7;?7\0﷽\0y\0\0>6\0^\0I\0e\0/~7<y\0~s6\0	\0H/a6Sy9۞\0C\0?\0^+\'\0G+/?k\0ٿ\0W1\0k\0l򿱾+wFdm3ڀ<n\0υz$:\0Dt²\0\0	\0_w޺xc_hlڼ^fݲ+܌n:_W\"\03\0Iڼ_H~\"\03\0J\Z<1\0\0l~+oSdsc޼\0H?f\0v>Lwg81@\0\03Oj?\0\0נ|2e\0\nS&\0oٳmG+/?k\0ٿ\0W<%\0$/?\0C\0?\0]//#?#~\0|0qc޺V_h\0ǝ{P_+ѮſH~O\0J\0o/X7\0.n?\\cgZڞ\0	wHn1>xJï\0:׀|m\0\0ۿ_O5\0y_iǕ	6s^o_\0j\0q3n>3ހ9\0keo{\05\0N|Me\0/&\0\0`߿gkl]_goy[|&2{\'vsE\0g5w\0/?\0>\0eCz$~oٿO!:{A+O\0h}\0o+f\0sۥ\0y\0\03Oj> b\0/^+O\0h}\0o+f\0sۥ e\0	MI>\0.۾|7Ƕ=\0\0$]\0(Huw\0҈?1ϱ\0m\"vz<mL|!}}j\0yvȯr3ހ>`%\0%{B\0\'\0\0G5\0WAx_\0e?q/v>qں2\0;&#m\0mhF;6>\0xKJ_;W_goy[|&2{\'vs\0̿77\0\07y½ow\0:?Y\0_~\0NO\0/]1\0	/}^_3nFs{?/+\0_ WG?_=oٿqm|}z{׏\02\0\0@/+\0^\06H_G7<OO9Az\0Yš\0_߾\0Ow\0@/$:Dh_\0W	!>ϲۤg8u^x_\0e?q/v>qڀ<ſH~O\0J\0jxCÚ$~W7w \r:WPEPEPEPEPEPEPEPEPEP^GYxR4%VŢ{.ퟔzWWZN}[}SO|.cePj# 0#8$g{ȴ<׵Hs}gOg%Ւ{v/?I޻<u\Z\0t=Q4gZŤZ}g )`	xg7~K,`g;XV%-2B3}em4Ě焵{)v-͍T\rNnU9\0ZZx:͆wsޥ0o7yc?@a8<)K>Zy-͞oʁr62F玘 ]Wk\Zjf\n?F>HXӵOwt={eݮ>Ɨ;\nmsAϷ\0t5[im̖wzާo%zJNڤpTX6\Zγc.|淖	Щ+I}Jvk:Ğ }]է+OG*\"pJ$Qm3O\rxny.{nZ	#@fA\ZF@@\0÷|K\0RKn8Y2p<<]o4U4\Z%l_$I;X)\'|Yx[^Pg%ޛ61yJgpF}#VfѾ	iw\rOe-h*Y-2G\r5ׁ|=qq,O.lI#gcI<O9↭6o[$GhR,%0ˇ9fH<qIiΧz-cK\0Sk}񾏩h&نKS+,0ܞڀ.|Rޏ\0\nV]|j)Mv6ﻻ8<K\r0hJu]B[stmO9vG23_υ凇KAen0pdd?\Z:gϊ$$Z\\H7;C`0FH$]Q嗃zۣ9hX]s)ۻŽ.+h#Y4\Z\0&EEVpkH&oYx\rwZrY:B$A<[\0%{\0hs4cAei{6Lw#c$`qx	+%\0%{/?(\0(\0(\0(\0(\0(\0(\0(\0('),('ID-011','\0JFIF\0\0\0\0\0\0\0C\0		\n\r\Z\Z $.\' \",#(7),01444\'9=82<.342\0C			\r\r2!!22222222222222222222222222222222222222222222222222\0\0P\"\0\0\0\0\0\0\0\0\0\0\0\0	\n\0\0\0\0}\0!1AQa\"q2#BR$3br	\n\Z%&\'()*456789:CDEFGHIJSTUVWXYZcdefghijstuvwxyz\0\0\0\0\0\0\0\0	\n\0\0\0w\0!1AQaq\"2B	#3Rbr\n$4%\Z&\'()*56789:CDEFGHIJSTUVWXYZcdefghijstuvwxyz\0\0\0?\0(>V\0^/+\0^M̭\0oF_W\"\03\0Iڀ_Ht/x\0҉(\0v?J<%\0%{/?\0?WxJï\0:ן\0@o_\0u?J\0\0>_\0W\0m\0pk\0\06Ww\0x\0C\0?\0^+\'\0^\06ſWO\0Iր<\0n\0υz$:\0Du\0w|+>6\0!\0J#_W\"\03\0Iڼ_H~\"\03\0J\Z\0_W\"\03\0Iڼ_H~\"\03\0J\Z;\0ٗft\0͡\0\0e\0?h\0҆\0m\0p\0CP\0͡\0\0\0[\0p-\0CP_+ѮſH~O\0J=\0ſWO\0Iּow\0:\0\0^u\0q?\'ZWw\0xV\0^/+\0^M̭\0oF_W\"\03\0Iڀ<_H~\"\03\0J\Z\0ٗft\0xKI_CW2\0\0nZٗft\0|@\0\0p_ٗft\0|@\0\0p_=ow\0:>6\0!\0J#ow\0:>6\0!\0J#\0%\0%{B\0\'\0\0G5\0WKJ\0oO%w\0\0\0k\0f@\0v+\0	^\0p\'j=\0n\0υz$:\0Du\0w|+>6\0!\0J#_W\"\03\0Iھ@%\0%{/?\n\0\0_W\"\03\0Iڼ\0m\0z|E\0gy\0\0\0_Ht/x\0҉+>	^п\0I%\0$B\0(?J\0<[\0$\0kſH~O\0J((\0i\0hנxKJ_;W_+ѯ@\0v?J<%\0%{/?%\0$B\0(	^\0p\'j\0\0\0>-\0N\0w|+<[\0%{\0h\0%\0$B\0(\0n\0υz/$:D\0w|(\0\0C\0?\0\\+\0<u\0͡\0\0ow\0:\0\0\0\0נxJï\0:ן\0͡\0\0@o_\0u?\0\0?^I\0n\0Qy\0\0\nHuw\0҈\0\0v\0\0҆\0v\0\0҆\0e\0?hi\0OG\0\0<%\0$/?\0C\0?\0\\E\0g5w\0h\0V\0\\:\0-w\0\0ko_\0҅o_\0u\0\0%{]\0\'\0ſWO\0Iּow\0:\0\0i\0hנxKJ_;W_+ѯ@\0v\0\0҆\0e\0?p\0CP̿4\0ۧ֠e\0??\0ee\0??\0e@\0$]\0(Huw\0҈\0$]\0(Huw\0҈>	^п\0I\0\0|\0]\0\0\Z\0٨<%\0%{/?\n\0_W\"\03\0Iھ@\0\0?^I\0n\0Qy\0\0\nHuw\0҈\0\0v+\0	^\0p\'j>\0v?\0C\0?\0^/+\0^\06=?J_W/x\0y+	!п\0J$\0%\0%{B\0\'\0!u\0q?(Z@o_\0҅\0(\0(\0keo{\05\0N\0\0k<%\0%{/?\0%\0$B\0(	^\0p\'j>	!п\0J$_W\"\03\0Iڀ<\0n\0υz|:\0y\0\0\n\0^u\0q?\'Z\0>	!п\0J$?\0\0?^KI\0oQ%y\0\0\n\0?\0\0J\0n\0Ow\0h\0%{]\0\';\0?\0?-\0N\0h<[\0%{\0h\0?W|m\0C\0ۿG^\07y½ow\0:\0<%\0%{/?<%\0$/?%\0%{/?<%\0$/?i\0OG\0?f_\0kQ\068	!\0p(j\0\0\0/$?\0\r]\0\0\0?i\0h$?\'\0]\05\02\0\Z<[\0$\0h[\0%{\0k>6\0^\0Io_\0u\0\0%{]\0\';\0keo{\05\0N\0\0k<%\0%{/?<%\0$/?i\0O\\E\0g5w\0/?\0\0i\0OG_\0hi\0OG_\0h>6\0!\0J#ow\0:>6\0!\0J#ow\0:\0_W/x\0y+\04w_5ph_\0W\0hƿj\0	^\0p\'j\0v(\0?W|m\0C\0ۿG^\07y½ow\0:\0<%\0%{/?\n\0_W\"\03\0Iھ@%\0%{/?\0\0\0נxKJ_;W\0͡\0\0@%\0$B\0(?J\0_Ht/x\0҉+>	^п\0IſH~O\0J<[\0$\0k\0(\0(\0\0\0[\0z|E\0g~\0<vw=Axc/#\0lV\'Ɍݜǽ\0s\0_\0Q/+\0]|1\0w,t}g/vN1{Qxc/#\0lV\'Ɍݜǽ\0x\0\0\n\0^u\0q?\'Z?Y\0_~\0NO\0/]Os_gy[:0{#n1>\0CI^\07y½>\0;:>_3Wt\0w\'ݎ\0e\0{q7;?7\0﷽\0y\0\0>6\0^\0I\0e\0/~7<y\0~s6\0	\0H/a6Sy9۞\0C\0?\0^+\'\0G+/?k\0ٿ\0W1\0k\0l򿱾+wFdm3ڀ<n\0υz$:\0Dt²\0\0	\0_w޺xc_hlڼ^fݲ+܌n:_W\"\03\0Iڼ_H~\"\03\0J\Z<1\0\0l~+oSdsc޼\0H?f\0v>Lwg81@\0\03Oj?\0\0נ|2e\0\nS&\0oٳmG+/?k\0ٿ\0W<%\0$/?\0C\0?\0]//#?#~\0|0qc޺V_h\0ǝ{P_+ѮſH~O\0J\0o/X7\0.n?\\cgZڞ\0	wHn1>xJï\0:׀|m\0\0ۿ_O5\0y_iǕ	6s^o_\0j\0q3n>3ހ9\0keo{\05\0N|Me\0/&\0\0`߿gkl]_goy[|&2{\'vsE\0g5w\0/?\0>\0eCz$~oٿO!:{A+O\0h}\0o+f\0sۥ\0y\0\03Oj> b\0/^+O\0h}\0o+f\0sۥ e\0	MI>\0.۾|7Ƕ=\0\0$]\0(Huw\0҈?1ϱ\0m\"vz<mL|!}}j\0yvȯr3ހ>`%\0%{B\0\'\0\0G5\0WAx_\0e?q/v>qں2\0;&#m\0mhF;6>\0xKJ_;W_goy[|&2{\'vs\0̿77\0\07y½ow\0:?Y\0_~\0NO\0/]1\0	/}^_3nFs{?/+\0_ WG?_=oٿqm|}z{׏\02\0\0@/+\0^\06H_G7<OO9Az\0Yš\0_߾\0Ow\0@/$:Dh_\0W	!>ϲۤg8u^x_\0e?q/v>qڀ<ſH~O\0J\0jxCÚ$~W7w \r:WPEPEPEPEPEPEPEPEPEP^GYxR4%VŢ{.ퟔzWWZN}[}SO|.cePj# 0#8$g{ȴ<׵Hs}gOg%Ւ{v/?I޻<u\Z\0t=Q4gZŤZ}g )`	xg7~K,`g;XV%-2B3}em4Ě焵{)v-͍T\rNnU9\0ZZx:͆wsޥ0o7yc?@a8<)K>Zy-͞oʁr62F玘 ]Wk\Zjf\n?F>HXӵOwt={eݮ>Ɨ;\nmsAϷ\0t5[im̖wzާo%zJNڤpTX6\Zγc.|淖	Щ+I}Jvk:Ğ }]է+OG*\"pJ$Qm3O\rxny.{nZ	#@fA\ZF@@\0÷|K\0RKn8Y2p<<]o4U4\Z%l_$I;X)\'|Yx[^Pg%ޛ61yJgpF}#VfѾ	iw\rOe-h*Y-2G\r5ׁ|=qq,O.lI#gcI<O9↭6o[$GhR,%0ˇ9fH<qIiΧz-cK\0Sk}񾏩h&نKS+,0ܞڀ.|Rޏ\0\nV]|j)Mv6ﻻ8<K\r0hJu]B[stmO9vG23_υ凇KAen0pdd?\Z:gϊ$$Z\\H7;C`0FH$]Q嗃zۣ9hX]s)ۻŽ.+h#Y4\Z\0&EEVpkH&oYx\rwZrY:B$A<[\0%{\0hs4cAei{6Lw#c$`qx	+%\0%{/?(\0(\0(\0(\0(\0(\0(\0(\0('),('ID-012','\0JFIF\0\0\0\0\0\0\0C\0		\n\r\Z\Z $.\' \",#(7),01444\'9=82<.342\0C			\r\r2!!22222222222222222222222222222222222222222222222222\0\0P\"\0\0\0\0\0\0\0\0\0\0\0\0	\n\0\0\0\0}\0!1AQa\"q2#BR$3br	\n\Z%&\'()*456789:CDEFGHIJSTUVWXYZcdefghijstuvwxyz\0\0\0\0\0\0\0\0	\n\0\0\0w\0!1AQaq\"2B	#3Rbr\n$4%\Z&\'()*56789:CDEFGHIJSTUVWXYZcdefghijstuvwxyz\0\0\0?\0(>V\0^/+\0^M̭\0oF_W\"\03\0Iڀ_Ht/x\0҉(\0v?J<%\0%{/?\0?WxJï\0:ן\0@o_\0u?J\0\0>_\0W\0m\0pk\0\06Ww\0x\0C\0?\0^+\'\0^\06ſWO\0Iր<\0n\0υz$:\0Du\0w|+>6\0!\0J#_W\"\03\0Iڼ_H~\"\03\0J\Z\0_W\"\03\0Iڼ_H~\"\03\0J\Z;\0ٗft\0͡\0\0e\0?h\0҆\0m\0p\0CP\0͡\0\0\0[\0p-\0CP_+ѮſH~O\0J=\0ſWO\0Iּow\0:\0\0^u\0q?\'ZWw\0xV\0^/+\0^M̭\0oF_W\"\03\0Iڀ<_H~\"\03\0J\Z\0ٗft\0xKI_CW2\0\0nZ=?J\0ٗft\0_\0W̿4\0ۧ֠/\0͡\0\0/\0͡\0\0@\0vſWO\0I֏	^\0p\'j<[\0%{\0h\0i\0h/$?\0\r]\05\02\0\Z<%\0$/?\0\0%{]\0\'\0?\0?|m\0\0ۿ]\0\0\0	^\0p\'j\0!u\0q?(Z\0	^\0p\'j\0!u\0q?(Z\0\0\0^u\0q?\'Z>6\0!\0J#ſWO\0I֏Huw\0҈\0o_\0u\0\0%{]\0\'\0ſWO\0Iּow\0:\0\0\0G\0\n>\0\0G\0\n\0Huw\0҈\0vow\0:<%\0%{/?>6\0^\0I\0\0|m\0\0ۿ]\0\0\Z\0٨\0\0C\0?\0G5\02\0\Z?\0\0M̭\0oF8	!\0p(j\0_Ht/x\0҉+<%\0$/?	!п\0J$?\05-z|:\0y\0_\0k<[\0%{\0h\0i\0hנ|m\0C\0ۿG^M̭\0oFow\0:\0\0\0>~_+ѣn\0υ\0h\0\04w_5/?\0\04w_5/?\0\n(\n(>V\0^/+\0^M̭\0oF_W\"\03\0Iڀ_Ht/x\0҉(\0v?J<%\0%{/?\0?WxJï\0:ן\0@o_\0u?J\0\0>_\0W\0m\0pk\0\06Ww\0x\0C\0?\0^+\'\0^\06ſWO\0Iր<\0n\0υz$:\0Du\0w|+>6\0!\0J#_W\"\03\0Iڼ_H~\"\03\0J\Z\0_W\"\03\0Iڼ_H~\"\03\0J\Z;\0ٗft\0͡\0\0e\0?h\0҆\0m\0p\0CP\0͡\0\0\0[\0p-\0CP_+ѮſH~O\0J=\0ſWO\0Iּow\0:\0\0^u\0q?\'ZWw\0xV\0^/+\0^M̭\0oF_W\"\03\0Iڀ<_H~\"\03\0J\Z\0ٗft\0xKI_CW2\0\0nZ=?J\0ٗft\0_\0W̿4\0ۧ֠/\0͡\0\0/\0͡\0\0@\0vſWO\0I֏	^\0p\'j<[\0%{\0h\0i\0h/$?\0\r]\05\02\0\Z<%\0$/?\0\0%{]\0\'\0?\0?|m\0\0ۿ]\0\0\0	^\0p\'j\0!u\0q?(Z\0	^\0p\'j\0!u\0q?(Z\0\0\0^u\0q?\'Z>6\0!\0J#ſWO\0I֏Huw\0҈\0o_\0u\0\0%{]\0\'\0ſWO\0Iּow\0:\0\0\0G\0\n>\0\0G\0\n\0Huw\0҈\0vow\0:<%\0%{/?>6\0^\0I\0\0|m\0\0ۿ]\0\0\Z\0٨\0\0C\0?\0G5\02\0\Z?\0\0M̭\0oF8	!\0p(j\0_Ht/x\0҉+<%\0$/?	!п\0J$?\05-z|:\0y\0_\0k<[\0%{\0h\0i\0hנ|m\0C\0ۿG^M̭\0oFow\0:\0\0\0>~_+ѣn\0υ\0h\0\04w_5/?\0\04w_5/?\0\n(\n(>V\0^/+\0^M̭\0oF_W\"\03\0Iڀ_Ht/x\0҉(\0v?J<%\0%{/?\0?WxJï\0:ן\0@o_\0u?J\0\0>_\0W\0m\0pk\0\06Ww\0x\0C\0?\0^+\'\0^\06ſWO\0Iր<\0n\0υz$:\0Du\0w|+>6\0!\0J#_W\"\03\0Iڼ_H~\"\03\0J\Z\0_W\"\03\0Iڼ_H~\"\03\0J\Z;\0ٗft\0͡\0\0e\0?h\0҆\0m\0p\0CP\0͡\0\0\0[\0p-\0CP_+ѮſH~O\0J=\0ſWO\0Iּow\0:\0\0^u\0q?\'ZWw\0xV\0^/+\0^M̭\0oF_W\"\03\0Iڀ<_H~\"\03\0J\Z\0ٗft\0xKI_CW2\0\0nZ=?J\0ٗft\0_\0W̿4\0ۧ֠/\0͡\0\0/\0͡\0\0@\0vſWO\0I֏	^\0p\'j<[\0%{\0h\0i\0h/$?\0\r]\05\02\0\Z<%\0$/?\0\0%{]\0\'\0?\0?|m\0\0ۿ]\0\0\0	^\0p\'j\0!u\0q?(Z\0	^\0p\'j\0!u\0q?(Z\0\0\0^u\0q?\'Z>6\0!\0J#ſWO\0I֏Huw\0҈\0o_\0u\0\0%{]\0\'\0ſWO\0Iּow\0:\0\0\0G\0\n>\0\0G\0\n\0Huw\0҈\0vow\0:<%\0%{/?>6\0^\0I\0\0|m\0\0ۿ]\0\0\Z\0٨\0\0C\0?\0G5\02\0\Z?\0\0M̭\0oF8	!\0p(j\0_Ht/x\0҉+<%\0$/?	!п\0J$?\05-z|:\0y\0_\0k<[\0%{\0h\0i\0hנ|m\0C\0ۿG^M̭\0oFow\0:\0\0\0>~_+ѣn\0υ\0h\0\04w_5/?\0\04w_5/?\0\n(\n(>V\0^/+\0G߆_𱿲\0o7]~i\0y?fǕc)wg91@\0/$:DxKJ_;WAl/\0+ݺFn^i\0y?fǕc)wg91@?\07y½ſWO\0I֏V_w=\0ӿ{AcSc}V;Ό\'یgϵ\0s\0_\0W\0`O?϶}\0#?7cj\0Y\0_~\0NO\0/@\06Ww\0x\0Yš\0_߾\0Ow\0\\\0\0c?|ͻcT`vz\0\0\0\0נxJï\0:\0\n- _\0ox\0j5jxÚ\0<oyфq9\0\0?^I\0n\0Q{\0n?f\0\'f\0\0>/Wl\0w#9ێ\0v\0\0҆ez\0<ퟳ~1;?>\0eCz$~oٿO!:{?2\0\0nZ?\0?¹\0vlg;Q\0\n- _\0ox\0j\0	!\0p(j\0\0\0A|Hퟳ~\0;|&B\0w;uZ@\0\0\0\0ko_\0҅7_M\0\0˷~ֹ__<9Gc}\0ay`یcϵ\0t-\0Nk\0?<_W7qn}썸zW_&>/\0#ڼ}۶5Onzw\0[\0z|E\0g~\0<vw=Axc/#\0lV\'Ɍݜǽ\0|/$?\0\r]\0\03Oj4~\0	oo_vs|2e\0\nS&\0oٳm@/$:D\0/?\0<C!c}e?y{Hrqڹ\0_\\\0jCWy[6o\0m( b\0/G\0|2\0&G$b\0mg>?c²\0C\0}<{\0?{ڀ	^\0p\'j<[\0%{\0k<1\0\0l~+oSdscލ_ڞ/+?yta>Fc=}\0i\0h/$?\0\r^\07,o\0g\0o7~1߭sGx@\07÷d/|û9Qz\0Ww\0x\0C\0?\0]\0c?|ͻcT`vz?Yš\0_߾\0Ow\0@|E\0gx:\0-}?xc/#\0lV\'Ɍݜǽy/S?#򿱾\00m1ڀ:\0^u\0q?\'Z>6\0!\0J#W9O<wOCj<mL|!}}j\0yvȯr3ހ9\0\0^u\0q?\'ZWw\0x_ڞ/+?yta>Fc=}m/k\0^_>m\Zs=;?\0hƿj??Wx!7\0omG3ٷ>]O\0\0\0\0|m\0C\0ۿGG|E\0gt6&>>?yͻdWuF_goy[|&2{\'vs+\0<u?\0;\0q|\0\0$cWvƩNx!7\0omG3ٷ>?\0C\0?\0G5\02\0\ZV_h\0ǝ{Q7,o\0g\0o7~1߭\0xE\0g5{\0/$:D\0!=?7g߿\'ɐF=<C!c}e?y{Hrqڀ</\0-\0Nx&?7?$n?߻W9O<wOCj\0\0keo{\05\07,o\0g\0o7~1߭t6&>>?yͻdWu@?\07ykeo{\05{\0n?f\0\'f\0o/X7\0.n?\\cgZ\0\0\0G5\0Q2\0\0nZ\0\0\0o>џ͹ϵ¹\0vlg;PQE\0QE\0QE\0QE\0QE\0QE\0QE\0QE\0QE\0QE\0QE\0QE\0cX:\0ōrS\"HbFU_,2O>^i75eFShaIv\ro7-ѯ/?]I{(v#\'\0UZߍ֗]?dKh+LrA@IP	u\r+fjk6P0ݱnO%P@@<~5tZY{Mv@el	Ddktfkhz\'Mp%qZdL0VV3QQ\Zo8:?ϋ_?PXk9<[h_i*pyu;čsH> tm?@Asĳ͎@]PFH1þ2s.?.\"@rrA<;Tw>!>|T%\'_`D&1lUIߒ\02A JW\0\0i\0	/\"9f\0{ggߚܱ7čH u?_Cs5(HI]RN\0/?_\0eI\0	%f>ǻo?]9]%tψ<7y亳-罹h$i\ZPw\0`A\0MCZKc^$Pެq%W\nrT唆Q^^+\'\0Z\Z߇|e}Os.v@?;O=3hn.C1Լ;	nu1h7˃${g_C\0%<9gYv{drj۰2IWyKIuoi/ìwPDdg>-:nc_KvKya@|cf\riZΫKnni4qn=9FM7?V.x.\ZՌ`+LG#0k⧉/<I<zW+!0bN\0	\0ᦍy>&OK(܂Ve#|wpꖾ-/<c}hfVq2]t$Bt[M.u)\r*\0yn.F8dNpj\ZƓOVuQ-.x8YckX1xSO4_6R:	\'AU#2\0^@@Ҿ#iz^\rVm#5:dR|[#8j\ruZ-ê\ZW%\r)HxP|m蚟#VMj+<p<\0yI\n\Z\04_F]!4f$auydbPn&&\'$ qi?-7QM3\\wz6% 󟔰do_\0uŚgv|Q]Ck#x\0(DFpH\0d<IK׈cgou)X[y0.Tsf9ڧ-qjsiq#	&T1&JvnElF_ٴoFpѴ^Fpq+S_W\"\03\0Iڀ:k>)\'YH%YH#	֥y\0/$:D\0QE\0QE\0QE\0QE\0QE\0QE\0QE\0QE\0QE\0QE'),('ID-013','\0JFIF\0\0\0\0\0\0\0C\0		\n\r\Z\Z $.\' \",#(7),01444\'9=82<.342\0C			\r\r2!!22222222222222222222222222222222222222222222222222\0\0T\0\"\0\0\0\0\0\0\0\0\0\0\0\0	\n\0\0\0\0}\0!1AQa\"q2#BR$3br	\n\Z%&\'()*456789:CDEFGHIJSTUVWXYZcdefghijstuvwxyz\0\0\0\0\0\0\0\0	\n\0\0\0w\0!1AQaq\"2B	#3Rbr\n$4%\Z&\'()*56789:CDEFGHIJSTUVWXYZcdefghijstuvwxyz\0\0\0?\0(>V\0^/+\0^M̭\0oF_W\"\03\0Iڀ_Ht/x\0҉(\0v?J<%\0%{/?<%\0$/?_H~\"\03\0J\Z\0\0\0M̭\0oF?\0?~_+Ѡ_H~\"\03\0J\Z\0keo{\05xKI_CWM̭\0oF=_W\"\03\0Iڏ\0^u\0q?\'Z<%\0%{/?o_\0u?\0\0?^KI\0oQ%y\0\0\n_Ht/x\0҉( b\0/^KI\0oQ%y\0_\0k>	!п\0J$_W\"\03\0Iڼ\0m\0z|E\0gy\0\0\0_Ht/x\0҉+ b\0/^KI\0oQ%y\0_\0h\n_H~\"\03\0J\Z<%\0$/?V\0^I\0n\0Qy\05\02\0\ZHuw\0҈<%\0$/?\0\0?\\E\0g5w\0w|(\n(\n(\n(>V\0^/+\0^M̭\0oF_W\"\03\0Iڀ_Ht/x\0҉(\0v?J<%\0%{/?<%\0$/?_H~\"\03\0J\Z\0\0\0M̭\0oF?\0?~_+Ѡ_H~\"\03\0J\Z\0keo{\05xKI_CWM̭\0oF=_W\"\03\0Iڏ\0^u\0q?\'Z<%\0%{/?o_\0u?\0\0?^KI\0oQ%y\0\0\n_Ht/x\0҉( b\0/^KI\0oQ%y\0_\0k>	!п\0J$_W\"\03\0Iڼ\0m\0z|E\0gy\0\0\0_Ht/x\0҉+ b\0/^KI\0oQ%y\0_\0h\n_H~\"\03\0J\Z<%\0$/?V\0^I\0n\0Qy\05\02\0\ZHuw\0҈<%\0$/?\0\0?\\E\0g5w\0w|(\n(\n(\n(>V\0^/+\0^M̭\0oF_W\"\03\0Iڀ_Ht/x\0҉(\0v?J<%\0%{/?<%\0$/?_H~\"\03\0J\Z\0\0\0M̭\0oF?\0?~_+Ѡ_H~\"\03\0J\Z\0keo{\05xKI_CWM̭\0oF=_W\"\03\0Iڏ\0^u\0q?\'Z<%\0%{/?o_\0u?\0\0?^KI\0oQ%y\0\0\n_Ht/x\0҉( b\0/^KI\0oQ%y\0_\0k>	!п\0J$_W\"\03\0Iڼ\0m\0z|E\0gy\0\0\0_Ht/x\0҉+ b\0/^KI\0oQ%y\0_\0h\n_H~\"\03\0J\Z<%\0$/?V\0^I\0n\0Qy\05\02\0\ZHuw\0҈<%\0$/?\0\0?\\E\0g5w\0w|(\n(\n(\n(>V\0^/+\0G߆_𱿲\0o7]~i\0y?fǕc)wg91@\0/$:DxKJ_;WAl/\0+ݺFn^i\0y?fǕc)wg91@0xKI_CWGx@\07÷d/|û9Qz\n\0\0m\0\0k?Yš\0_߾\0Ow\0G߆_𱿲\0o7]~\0CP_+ѮH?f\0v>Lwg81]߆_𱿲\0o7]~\0xKJ_;Q+\'\0]_goy[|&2{\'vsj5\0y_iǕ	6s@?\07y½?J?Y\0_~\0NO\0/]|1\0w,t}g/vN1{P@\0\0p_?J<Aw}]}\0loݏl{Al/\0+ݺFn^KJ_;W\0͡\0\0`<1\0\0l~+oSdsc޹\0V_h\0ǝ{PKI\0oQ%y\0_\0k<C!c}e?y{Hrqڹ\0|2\0&G$b\0mg>?cE\0g5}^?|Hퟳ~\0;|&B\0w;u\0[\0z$:\0Dt|Me\0/&\0\0`߿gkl]1\0	/}^_3nFs{\0CP\0H?f\0v>Lwg81]+/\0k\0ۏٿ\0Y}(\0(\0(\0(\0(\0(\0(\0(!cX\\CHNG\Z l1ހ:+^\nyZEwrYe$W8(Kܹ\'h:<CJzZ~%VBr^26Nƀ=b-|:>!rh.m!f=\"فڇ\rNƩ\\ڮ\njblncU.FF	f$vy\0X4<[Xii;QA,p98\0/Bޕ{E)UPJm ָ;\'Tvx\\EӰ}b\"rH*\0o+j\Z2|)Ili$~vU밶FH(;};~2Υfj3yҩ\"d\0QE\0QE\0QE\0QE\0QE\0QE\0QE\0QE\0QE\0QE\0QE\0V~YC/}MW=r8h>d׉\0\\xv]oYM/z]M)rρqğk\0c]E)\Z:vwkowz-\"m\ZƇnR\"\0#$?K-b+k:5B%K}\\0;dAN3\n(?\n=?gw4ӐX2H`\0!@(t?)\0`\"(\0v@\0(\0(\0(\0(\0(\0(\0'),('ID-014','\0JFIF\0\0\0\0\0\0\0C\0		\n\r\Z\Z $.\' \",#(7),01444\'9=82<.342\0C			\r\r2!!22222222222222222222222222222222222222222222222222\0\0T\0\"\0\0\0\0\0\0\0\0\0\0\0\0	\n\0\0\0\0}\0!1AQa\"q2#BR$3br	\n\Z%&\'()*456789:CDEFGHIJSTUVWXYZcdefghijstuvwxyz\0\0\0\0\0\0\0\0	\n\0\0\0w\0!1AQaq\"2B	#3Rbr\n$4%\Z&\'()*56789:CDEFGHIJSTUVWXYZcdefghijstuvwxyz\0\0\0?\0(>V\0^/+\0^M̭\0oF_W\"\03\0Iڀ_Ht/x\0҉(\0v?J<%\0%{/?<%\0$/?_H~\"\03\0J\Z\0\0\0נ|\0CI^\06?J\0\0X\0\07yX\0\07y=ow\0:<[\0%{\0h\0$]\0(\0^u\0q?\'Z\0\0\0>\0ן\0@\0$]\0(<\0/\0_\0W@\0\0p_?J\0<%\0%{/?%\0$B\0(	^\0p\'j>	!п\0J$\0o_\0҅\0$]\0(ſH~O\0J\0ow\0:\0>	!п\0J$\0%\0%{B\0\'\0?J_W/x\0y(\0o_\0҅\0!u\0q?(Z\n(\n(>V\0^/+\0^M̭\0oF_W\"\03\0Iڀ_Ht/x\0҉(\0v?J<%\0%{/?<%\0$/?_H~\"\03\0J\Z\0\0\0נ|\0CI^\06?J\0\0X\0\07yX\0\07y=ow\0:<[\0%{\0h\0$]\0(\0^u\0q?\'Z\0\0\0>\0ן\0@\0$]\0(<\0/\0_\0W@\0\0p_?J\0<%\0%{/?%\0$B\0(	^\0p\'j>	!п\0J$\0o_\0҅\0$]\0(ſH~O\0J\0ow\0:\0>	!п\0J$\0%\0%{B\0\'\0?J_W/x\0y(\0o_\0҅\0!u\0q?(Z\n(\n(>V\0^/+\0^M̭\0oF_W\"\03\0Iڀ_Ht/x\0҉(\0v?J<%\0%{/?<%\0$/?_H~\"\03\0J\Z\0\0\0נ|\0CI^\06?J\0\0X\0\07yX\0\07y=ow\0:<[\0%{\0h\0$]\0(\0^u\0q?\'Z\0\0\0>\0ן\0@\0$]\0(<\0/\0_\0W@\0\0p_?J\0<%\0%{/?%\0$B\0(	^\0p\'j>	!п\0J$\0o_\0҅\0$]\0(ſH~O\0J\0ow\0:\0>	!п\0J$\0%\0%{B\0\'\0?J_W/x\0y(\0o_\0҅\0!u\0q?(Z\n(\n(>V\0^/+\0G߆_𱿲\0o7]~i\0y?fǕc)wg91@\0/$:DxKJ_;WAl/\0+ݺFn^i\0y?fǕc)wg91@0xKI_CWGx@\07÷d/|û9Qz\n\0\0m\0z/$:D²\0C\0}<{\0?{ںcXlg|^^3ܜcv:\05-w|+<Aw}]}\0loݏl{\0\n.\'\0owo\0}oz\0>6\0!\0J#ſWO\0Iֺxc_hlڼ^fݲ+܌n:W9O<wOCj\0\0\0>\0\0\n.\'\0owo\0}oz<mL|!}}j\0yvȯr3ހ</\0_\0Q_ۿ\0\0_\0gc~{c޺cXlg|^^3ܜcv:_W\"\03\0Iڏ_Ht/x\0҉+<1\0\0l~+oSdscޏcXlg|^^3ܜcv:<[\0$\0k6\0!\0J#Wh_i\0wyt6s^occW\0+۶E^\0CI^KJ\0oO%}?l/\0+ݺFn^	\0wu\0H_3anyݞ<[\0$\0k__<9Gc}\0ay`یcϵ{\0QE\0QE\0QE\0QE\0QE\0QE\0Q^g}k}㟉\Z|A~on=.kgS!H>@;MĖ~dsL-0[_S*èM-0(bX GJt_/<}愗yo\\E*܅96 9s0iE\rP[MIZW,2	3x\"ht[Q=f;KĶ:pFFIt_/<}愗yo\\E*܅96 9s0xW>0-3JVQ-J˵+9$u\0|8~}7۷\0M6mM*qrk(\0(\0(\0(\0(\0(\0(\0(\0(\0(\0(\0٫~.xnKZK{б0Fee r@\0䢀3,-~ç[Y{#E\\>$\0ݎ2Os^\07\0rE\0y\0$opDp*PKI\0oQ%zPEPEPEPEPEP'),('ID-015','\0JFIF\0\0\0\0\0\0\0C\0		\n\r\Z\Z $.\' \",#(7),01444\'9=82<.342\0C			\r\r2!!22222222222222222222222222222222222222222222222222\0\0PJ\"\0\0\0\0\0\0\0\0\0\0\0\0	\n\0\0\0\0}\0!1AQa\"q2#BR$3br	\n\Z%&\'()*456789:CDEFGHIJSTUVWXYZcdefghijstuvwxyz\0\0\0\0\0\0\0\0	\n\0\0\0w\0!1AQaq\"2B	#3Rbr\n$4%\Z&\'()*56789:CDEFGHIJSTUVWXYZcdefghijstuvwxyz\0\0\0?\0(>V\0^/+\0^M̭\0oF_W\"\03\0Iڀ_Ht/x\0҉(\0v?J<%\0%{/?\0o_\0u?i\0O^+\'\0^2\0\0nZ<o_\0u+\0\0^u\0q?\'Z\0\0X\0KJ\0oO%w\0?\0e?J\0\0	^\0p\'j\0!u\0q?(Z\0	^\0p\'j\0!u\0q?(Z\0\0f_\0kQ\06ٗft\0͡\0\0ow\0:\0\0\0J\0n\0Ow\0h<[\0%{\0h%\0$B\0(\0^u\0q?\'Z>	!п\0J$?\05-h\05-h%\0%{B\0\'\0_W\"\03\0Iڼ?J\0	^\0p\'j\0\0\0G5\0W|m\0C\0ۿG^\0hƿjHuw\0҈\0?WJ\0n\0Ow\0w|+\0%{]\0\';\0?\0?-\0N\0h<[\0%{\0h\0\0\0\0hƿj?\0\0\0hƿj\0Huw\0҈<[\0$\0k6\0!\0J#\0o_\0҅\0n\0υ\0h\0\0?G5\02\0\Z\0Huw\0҈<%\0$/?6\0!\0J#\0\0҆\0n\0υ}_?\0(\0(\0(\0keo{\05\0N\0\0k<%\0%{/?\0%\0$B\0(	^\0p\'j>	!п\0J$_W\"\03\0Iڀ\0^u\0q?\'Z\0ٗft\0-\0N\0/?\0+\0\0^u\0q?\'Zo_\0u?\05-ph_\0WkZ>	^п\0I\0v\0o_\0҅\0v\0o_\0҅\0e\0?hi\0OG\0\0>6\0^\0I\0m\0pk\0\06=ſWO\0I֏_Ht/x\0҉(o_\0u?J\0\0X\0\06X\0\068_W/x\0y+%\0%{/?>	^п\0I\0v?\04w_5z$:\0Du\0\0\0k\0f@\0$]\0(<\0n\0υpk\0\07y¸Ww\0x\0C\0?\0^+\'\0^\06ſWO\0Iր<\0m\0\0\0k\0fm\0\0\0k\0f@\0$]\0(ſH~O\0J\0ow\0:\0!u\0q?(Z\0\0?QM̭\0oF\0>~_+Ѡ@\0$]\0(_H~\"\03\0J\Z\0ow\0:	!\0p(j\0\0?W\0\0\n\n(\n(>V\0^/+\0^M̭\0oF_W\"\03\0Iڀ_Ht/x\0҉(\0v?J<%\0%{/?\0o_\0u?i\0O^+\'\0^2\0\0nZ<o_\0u+\0\0^u\0q?\'Z\0\0X\0KJ\0oO%w\0?\0e?J\0\0	^\0p\'j\0!u\0q?(Z\0	^\0p\'j\0!u\0q?(Z\0\0f_\0kQ\06ٗft\0͡\0\0ow\0:\0\0\0J\0n\0Ow\0h<[\0%{\0h%\0$B\0(\0^u\0q?\'Z>	!п\0J$?\05-h\05-h%\0%{B\0\'\0_W\"\03\0Iڼ?J\0	^\0p\'j\0\0\0G5\0W|m\0C\0ۿG^\0hƿjHuw\0҈\0?WJ\0n\0Ow\0w|+\0%{]\0\';\0?\0?-\0N\0h<[\0%{\0h\0\0\0\0hƿj?\0\0\0hƿj\0Huw\0҈<[\0$\0k6\0!\0J#\0o_\0҅\0n\0υ\0h\0\0?G5\02\0\Z\0Huw\0҈<%\0$/?6\0!\0J#\0\0҆\0n\0υ}_?\0(\0(\0(\0keo{\05\0N|Me\0/&\0\0`߿gkl]_goy[|&2{\'vs\0CIG|E\0gt	!>ϲۤg8uF_goy[|&2{\'vsJï\0:ן̿4\0ۧ֯`1\0k\0l򿱾+wFdm3ڹ\0_\\\0jCWy[6o\0m(\n\0ſWO\0Iּ\0\0\r_ڞ/+?yta>Fc=} b\0/\\/+< e\0	MI>\0.۾|7Ƕ=OC_c\0Gϲtl{8@|E\0gx:\0-}?xc/#\0lV\'Ɍݜǽy/S?#򿱾\00m1ڀ9\0ٗft\0͡\0\0@eM\0>˷f\09ҏV_h\0ǝ{P|m\0\0ۿ]\0\0<m/k\0^_>m\Zs=;A\0\n- _\0ox\0j\0<[\0%{\0h%\0$B\0(\r_ڞ/+?yta>Fc=}O?϶}\0#?7cj\0\0X\0\061\0\0	\'ؿwϏǽ\0\0of\0;^\0\0%\0%{B\0\'\0_W\"\03\0Iڹ\0\0;:\0$l/{FÌnN\ZG?_=oٿqm|}z{?\0;\0qow\0:<?\0]\0l۟|WAoccW\0+۶E^\0w|+\0%{]\0\'\0]O\0\0\0_&>/\0#ڼ}۶5Onzwm\0z|:\0\0\0of\0;^\0W9O<wOCj\0\0?\0?|?\0;\0qZ@\0\0x!7\0omG3ٷ>ow\0:\0!u\0q?(Z\0>/Wl\0w#9ێڞ\0	wHn1>\0\0[\0z+/\0k\0ۏٿ\0Y}7_M\0\0˷~րHuw\0҈<%\0$/?\0xc_hlڼ^fݲ+܌n:?>\0eCz$~oٿO!:{?\07y¾?\0e\0{q7;?7\0﷽z\0QE\0QE\0QE\0QE\0QE\0QE\0QE\0QE\0oÖ LR+ӧɪm.\0ɌNA~j+=\r27md:;Èou+m!_\0za/5MB:D]GtT\nVTNm\06XvtS3R\Z_d+R\0MGnn\Zf\'&#j\\|6N:M\ZKquD2\n˽X$@acGti!˻H@0+Wp#r|Oaxg;Z6~V߼U _\ZՏ\'xkGm\\\\@Zt6B03Xam.z\Z3|&ZAgC/#9d\rWB~j\0A-5{M\Z&{MD74@US8|RGxla[;e)GA;\\1]ޕssŞKG7g;̺BU]]T͇NBI\0xOK>oci%vC!w0ʹ`dm+Zk6/m۪`,s3`s_4/k:eզ2y?n/<FAskӼn<#έ{4vSU^m`e!HI|7$^*ӼyOkZ|}aa:j1܅\Z8 dc]b=xA }{6K[K*.$#\n݃XeA5N6gx<A%mnOm5c4I`	]I+?6,MÚ6Zhח6X!*,P,uWv6X7[\Z,vpD%G(ڱx@#i~%\Z\ro%`NwXsWow:ɨ&y,GQ,-\ZϋK `	PI\\>ea5\0QE\0QE\0QE\0QE\0QE\0QE\0QE'),('ID-016','\0JFIF\0\0\0\0\0\0\0C\0		\n\r\Z\Z $.\' \",#(7),01444\'9=82<.342\0C			\r\r2!!22222222222222222222222222222222222222222222222222\0\0P\"\0\0\0\0\0\0\0\0\0\0\0\0	\n\0\0\0\0}\0!1AQa\"q2#BR$3br	\n\Z%&\'()*456789:CDEFGHIJSTUVWXYZcdefghijstuvwxyz\0\0\0\0\0\0\0\0	\n\0\0\0w\0!1AQaq\"2B	#3Rbr\n$4%\Z&\'()*56789:CDEFGHIJSTUVWXYZcdefghijstuvwxyz\0\0\0?\0(>V\0^/+\0^M̭\0oF_W\"\03\0Iڀ_Ht/x\0҉+\0?W|\0CI^\07y<\0n\0υx{\0\0\n\0_Ht/x\0҉(\0v?J<%\0%{/?<%\0$/?\0\0?\\E\0g5w\0w|(>6\0!\0J#ſWO\0I֏Huw\0҈o_\0u?i\0O^+\'\0^2\0\0nZſWO\0Iր<\0n\0υx{\0\0\n\n\0\0\0>_\0W\0@%\0$B\0(	^\0p\'j	!\0p(j\0	^\0p\'j	!\0p(j\0\0?W|m\0C\0ۿG^\07y½ow\0:\0<[\0%{\0ho_\0uſWO\0I֏\0^u\0q?\'Z\0\0\0>n\0υw|(\0V\0G\0\Z\0٨V\0G\0\Z\0٨\0i\0O_@W\0/?\0\n\0(\0(\0\0\0[\0z|E\0gy\05\02\0\Z	^\0p\'j\0>	!п\0J$?\0\0?^KI\0oQ%y\0\0\n\0\n\0\0>\0w|(>	!п\0J$_W\"\03\0Iڏ_Ht/x\0҉(\0v\0\0҆\0n\0υp\0CP\0@\0$]\0(\0^u\0q?\'Z>6\0!\0J#ſWO\0Iր<\0e\0?z|:\0y\0\03Oj\0^u\0q?\'Z\0\0\0>\0w|+(\0?W|\0CI^\07y½?J\0<%\0%{/?<%\0$/?%\0%{/?<%\0$/?\0\0?^I\0n\0Qy\0\0\nHuw\0҈\0o_\0uſWO\0I֏\0^u\0q?\'Z<[\0%{\0h\0?Q\07y\0>\0[\0\0\0k\0f\0[\0\0\0k\0fe\0?}_?̿4\0ۧ֯(\0(\0(\0keo{\05\0N\0\0k<%\0%{/?\0%\0$B\0(\0n\0υz/$:D\0w|(+\0?WW\0@%\0$B\0(	^\0p\'j>	!п\0J$_W\"\03\0Iڀ<_H~\"\03\0J\Z\0\0>xKI_CW\07y=ow\0:<[\0%{\0h\0$]\0(\0^u\0q?\'Z\0\0ٗft\0-\0N\0/?\0<[\0%{\0h\0?WW\0\0\0\0?^KI\0oQ%y\0\0\n_Ht/x\0҉(\0\0v\0\0҆\0v\0\0҆\0n\0υz$:\0Du\0w|+>6\0!\0J#ſWO\0I֏\0^u\0q?\'Z<[\0%{\0ho_\0u?\0\0?G\0\n??Q\07ykeo{\04|?\0;\0qkeo{\04|?\0;\0qٗft\0|\02\0\0nZ((\0i\0hנxKJ_;Q7,o\0g\0o7~1߭t\ZG?_=oٿqm|}z{?KI\0oQ%y\0\0\ncXlg|^^3ܜcv:]O\0\0\0{\0\0\n?n\0o\0m@\0e\0{q7;?7\0﷽\0_\0Q/+\0]|1\0w,t}g/vN1{Qxc/#\0lV\'Ɍݜǽ\0|/$?\0\r]\0\0\n4~\0	oo_vs²\0\0	\0_wހHuw\0҈o_\0u\0>/Wl\0w#9ێ1\0k\0l򿱾+wFdm3ڀ<e\0?z|:\0¹\0vlg;WAcSc}V;Ό\'یgϵ\0x\0\0\n\n\0]O\0\0\0\0̿77\0\07y½?J?Y\0_~\0NO\0/]|1\0w,t}g/vN1{P?/+\0^/$?\0\r_O\0y?fǕc)wg91^|Hퟳ~\0;|&B\0w;un\0υz$:\0Dt²\0\0	\0_w޺xc_hlڼ^fݲ+܌n:ſWO\0I֏\0^u\0q?\'Z5jxÚ\0<oyфq9W9O<wOCj\0\0\0>@\0e\0{q7;?7\0﷽{\0n?f\0\'f\0?V\0G\0\Z\0٫>&2\0\0\0y߳6{\0\0\0o>џ͹ϵ\0y\0\03Oj\0/W?ڟ7\0.V͛\0lJ\n\0(\0(\0(\0(\0(\0(\0(\0+/:nn\Z]c8ENX	,g\0{\Z\r[RFѯKEQK2@> xK^*:iwliZ:O$V&Ssۃ(@O־&i\Z\'.ӵb՝%qX$L@ε\0\n\r/Qky&)9\'\0	,>xz.ơ{KXEok$mIH9}Pw\0sz/5\0\"o7?/,3U!w\0uo|itku<%,ZrĥNg8ѫjP/Kl,`*% gW|@UwuҴuH?}L<\0P|L4O]ik7f#{;#,Jp29\0/H kO,\Z_ƣz>שقM&SsO.+|Y|<=t]BXRI~ړؑ`r88_$?k\0J\'h/EV}	wo;1ڶ(\n(\n(\n(\n(\n(\n(?'),('ID-017','\0JFIF\0\0\0\0\0\0\0C\0		\n\r\Z\Z $.\' \",#(7),01444\'9=82<.342\0C			\r\r2!!22222222222222222222222222222222222222222222222222\0\0T\0\"\0\0\0\0\0\0\0\0\0\0\0\0	\n\0\0\0\0}\0!1AQa\"q2#BR$3br	\n\Z%&\'()*456789:CDEFGHIJSTUVWXYZcdefghijstuvwxyz\0\0\0\0\0\0\0\0	\n\0\0\0w\0!1AQaq\"2B	#3Rbr\n$4%\Z&\'()*56789:CDEFGHIJSTUVWXYZcdefghijstuvwxyz\0\0\0?\0(>V\0^/+\0^M̭\0oF_W\"\03\0Iڀ_Ht/x\0҉(\0v?J<%\0%{/?<%\0$/?_H~\"\03\0J\Z?%\0$B\0(	^\0p\'j>	!п\0J$_W\"\03\0Iڀ<_H~\"\03\0J\Z\0keo{\05xKI_CWM̭\0oF=_W\"\03\0Iڏ\0^u\0q?\'Z<%\0%{/?o_\0uow\0:\0keo{\05\0ן_+Ѡ@\0v\0\0҆\0v\0\0҆\0ٗft\0|\02\0\0nZ8_W/x\0y+\05-ph_\0WkZ\0_Ht/x\0҉+>	^п\0I%\0$B\0(?J\0<[\0$\0kſH~O\0J((\0i\0hנxKJ_;W_+ѯ@\0v?J<%\0%{/?%\0$B\0(	^\0p\'j\0	!\0p(j@\0҆	!п\0J$_W\"\03\0Iڏ_Ht/x\0҉(\0v\0\0҆\0\0[\0p\0CP_+Ѡ@\0vſWO\0I֏	^\0p\'j<[\0%{\0h\0\0$]\0(\0\0[\0z$:\0Du\0\0h<%\0%{/?<%\0$/?%\0%{/?<%\0$/?\0e\0?}_?̿4\0ۧ֠?J b\0/\\/+<@\0\0p_=?J_W/x\0y+	!п\0J$\0%\0%{B\0\'\0!u\0q?(Z@o_\0҅\0(\0(\0keo{\05\0N\0\0k<%\0%{/?\0%\0$B\0(	^\0p\'j>	!п\0J$_W\"\03\0Iڀ<_H~\"\03\0J\Z<%\0$/?\0\0_Ht/x\0҉(\0v?J<%\0%{/?<%\0$/?V\0\\E\0g5w\0\0h<%\0%{/?o_\0u_W\"\03\0Iڏ\0^u\0q?\'Z\0>6\0!\0J#?V\0^I\0n\0Qy\05\02\0\Z\0	^\0p\'j	!\0p(j\0	^\0p\'j	!\0p(j\0i\0O_@W\0/?\0%\0%{B\0\'\0X\0KJ\0oO%w\0?\0e@%\0$B\0(?J\0_Ht/x\0҉+>	^п\0IſH~O\0J<[\0$\0k\0(\0(\0\0\0[\0z|E\0g~\0<vw=Axc/#\0lV\'Ɍݜǽ\0s\0_\0Q/+\0]|1\0w,t}g/vN1{Qxc/#\0lV\'Ɍݜǽ\0|/$?\0\r__׏\0!=?7g߿\'ɐF=(	!п\0J$_W\"\03\0IںcXlg|^^3ܜcv:H_G7<OO9Az\0_H~\"\03\0J\Z\0keo{\05i\0!=?7g߿\'ɐF=7_M\0\0˷~ր	^\0p\'j<[\0%{\0k<1\0\0l~+oSdscލ_ڞ/+?yta>Fc=}\0$]\0(\0\0[\0{1\0	/}^_3nFs{?7,o\0g\0o7~1߭\0\0N\0CP_goy[|&2{\'vsGx@\07÷d/|û9Qz\0\n\0e\0?}^+O\0h}\0o+f\0sۥ\0x/+<@\0\0p_\0;:\0$l/{FÌnNx&?7?$n?߻?J_W/x\0y+\0cXlg|^^3ܜcv:?OC_c\0Gϲtl{8@A$?\'\0__׏\0\0<!?+?;ΐ?cN}(\0(\0(\0(\0(\0(\0(\0?wך߅%ccZ/l	Ƨ0<c\\7\Z~!ڮxRmJ{V\\W!X/!E\0zG|Ig]%s@ýlWϞ.~\nIk7\ZÆeTp*̟2@\06o}k}㟉\Z|A~on=.kgS!H>@=2Y#t9?\n/q\'# \n;M{vմuK\065ΉFWn1Zj	xUխfhSM$N-IJI#@Ex|k~ay4W6[lmC	\r\'<<^ĲM<e$YJI$I<7(\0(\0(\0(\0(\0(\0(\0(\0(\0(\0ѵV.\"..)$+ќ+Ysw_ékRjsܭʡh0T\0(BF9,ǽP	j,|\'w8\\Gy(0]Ρd$.p\n\0\nz_S/t{wX^j[ޅ6I%\n3+)\0\0`g%\0h-%]>]Z޼,茒yrW	kǾR{ˣwZ*2G\Z%8*&S*Q@S{5?tZfZD#]5ɍܤE\n.RGRI<RE\0tQE\0QE\0QE\0QE\0QE\0'),('ID-018','\0JFIF\0\0\0\0\0\0\0C\0		\n\r\Z\Z $.\' \",#(7),01444\'9=82<.342\0C			\r\r2!!22222222222222222222222222222222222222222222222222\0\0P\0\"\0\0\0\0\0\0\0\0\0\0\0\0	\n\0\0\0\0}\0!1AQa\"q2#BR$3br	\n\Z%&\'()*456789:CDEFGHIJSTUVWXYZcdefghijstuvwxyz\0\0\0\0\0\0\0\0	\n\0\0\0w\0!1AQaq\"2B	#3Rbr\n$4%\Z&\'()*56789:CDEFGHIJSTUVWXYZcdefghijstuvwxyz\0\0\0?\0(>V\0^/+\0^M̭\0oF_W\"\03\0Iڀ_Ht/x\0҉+>6\0^\0I%\0$B\0(ow\0:\0\0\0^/+\0^\0hƿj	^\0p\'j\0\0?\0?|\0\06<%\0$/?_H~\"\03\0J\Z<[\0$\0kV\0\\:\0-w\0\0h\0҆o_\0u\0\0҆o_\0u_W\"\03\0Iڏ_Ht/x\0҉(\0v?J\0\0\0>|?\0;\0q\0>|?\0;\0q=ow\0:\0?\0?\0ן\0͡\0\0@%\0$B\0(?J\0_Ht/x\0҉+>	^п\0IſH~O\0J<[\0$\0k\0(\0(\0\0\0[\0z|E\0gy\05\02\0\Z	^\0p\'j\0>	!п\0J$\0\0%{]\0\'\0?JWw\0x\04w_5z|E\0gy\0\0\Z\0٫<%\0%{/?\0\0\0\0\0>@\0҆	!\0p(j>@o_\0҅\0\0[\0p-\0CP_+Ѡ_H~\"\03\0J\Z\0ſWO\0Iּ_H~\"\03\0J\Z\0ſWO\0Iր	^\0p\'j>	!п\0J$_W\"\03\0Iڏ_Ht/x\0҉(\0?Q\0hƿj??Q\0hƿj\0Huw\0҈\0\0\0נ|m\0C\0ۿG^\06=?J_W/x\0y+	!п\0J$\0%\0%{B\0\'\0!u\0q?(Z@o_\0҅\0(\0(\0keo{\05\0N\0\0k<%\0%{/?\0%\0$B\0(ow\0:\0_Ht/x\0҉+>6\0^\0I\0\0\0N\0\0\0k\0f@\0v?\0C\0?\0_@W\0h\n\0_H~\"\03\0J\Z<%\0$/?\0ſH~O\0J\0keo{\05xIï\0BM̭\0oF8	!\0p(j\0\0^u\0q?\'Z	!\0p(j\0\0^u\0q?\'Z\0<%\0%{/?%\0$B\0(	^\0p\'j>	!п\0J$?\0\0?G\0\Z\0٨\0\0?G\0\Z\0٨>6\0!\0J#?\0C\0?\0^I\0n\0Qy\0\0\0_Ht/x\0҉+>	^п\0I%\0$B\0(?J\0<[\0$\0kſH~O\0J((\0i\0hנxKJ_;Q7,o\0g\0o7~1߭t\ZG?_=oٿqm|}z{?KI\0oQ%x+\0<u\0|1\0w,t}g/vN1{W_&>/\0#ڼ}۶5Onzw\0\0Nx!7\0omG3ٷ>H_G7<OO9Az\0\0?\0?y\0+/?k\0ٿ\0W(	!\0p(jH?f\0v>Lwg81^@ xIï\0BM̭\0oF\r__<9Gc}\0ay`یcϵt~\0<vw=xKI_CWJï\0:?|Hퟳ~\0;|&B\0w;u@1\0k\0l򿱾+wFdm3ڀ9\0	^\0p\'j>	!п\0J$H_G7<OO9Az<C!c}e?y{Hrqڀ<n\0υ\0\0k\0f@\0e\0{q7;?7\0﷽e\0wM\0F\0.~\0vmϾ}\0\0$]\0(\0m\0{1\0	/}^_3nFs{?\0\n- _\0ox\0j\0>	!п\0J$\0%\0%{B\0\'O?϶}\0#?7cj\0\0;:\0$l/{FÌnN-\0CPx/S?#򿱾\00m1ڽ\n(\n(\n(\n(\n(\n(1EK?Y_9+W5-	%b@H-=k+JokswqG%?8$ @[V,1lx@_;UYc/un̪6%ypNy^5OS0 .A|\0L䂬>\\b:|TӤ|3kq[\r^kF6]eI6N:skgm/:\\Xj_dkSO|rHr<#>g{3_	op$ȾP_-#؛.N:MCw)|BgK]rHag4cx		 \0PiaTt>Y%MJɯl0m\Zre^ʎ\\_/;K]#ĶPj7!\n;(I}\0Gv+_[v\Z¸Ю>l)	YP(]̅\\\nWH5\ZuGTm^v4I>$v\0r\Z5sk:VEiuu88+C|C\r%՞ow=A$h#HԲ \0@Q@Q@Q@Q@Q@'),('ID-019','\0JFIF\0\0\0\0\0\0\0C\0		\n\r\Z\Z $.\' \",#(7),01444\'9=82<.342\0C			\r\r2!!22222222222222222222222222222222222222222222222222\0\0P\"\0\0\0\0\0\0\0\0\0\0\0\0	\n\0\0\0\0}\0!1AQa\"q2#BR$3br	\n\Z%&\'()*456789:CDEFGHIJSTUVWXYZcdefghijstuvwxyz\0\0\0\0\0\0\0\0	\n\0\0\0w\0!1AQaq\"2B	#3Rbr\n$4%\Z&\'()*56789:CDEFGHIJSTUVWXYZcdefghijstuvwxyz\0\0\0?\0(>V\0^/+\0^M̭\0oF_W\"\03\0Iڀ_Ht/x\0҉+ b\0/^KI\0oQ%y\0_\0h%\0%{B\0\'\0_W\"\03\0Iڼ?J\0	^\0p\'j\0>	!п\0J$_W\"\03\0Iڏ_Ht/x\0҉(\0v\0\0҆ow\0:<%\0$/?\0%{]\0\';\0?\0?-\0N\0h<[\0%{\0h\0\0$]\0(\0\0[\0z$:\0Du\0\0h\0\05-z/$:D\0?\0e@%\0$B\0(	^\0p\'j\0!u\0q?(Z\0	^\0p\'j\0!u\0q?(Z\0\0f_\0kQ\06ٗft\0͡\0\0n\0υz$:\0Du\0w|+>6\0!\0J#?V\0^+\'\0^M̭\0oFſWO\0Iր<?J\0?WKJ\0oO%w\0w|(\0V\0G\0\Z\0٨V\0G\0\Z\0٨\0i\0O_@W\0/?\0\n\0(\0(\0\0\0[\0z|E\0gy\05\02\0\Z	^\0p\'j\0>	!п\0J$?\05-z/$:D\0?\0e?J\0	^\0p\'j_W/x\0y+%\0%{/?\0%\0$B\0(	^\0p\'j>	!п\0J$_W\"\03\0Iڀ<_H~\"\03\0J\ZWw\0x\0҆ow\0:\0\0\0\0נxJï\0:ן\0͡\0\0@o_\0uow\0:\0keo{\05\0ן_+Ѡ/\0_\0W@\0\0p_?J\0<%\0%{/?<[\0$\0k%\0%{/?<[\0$\0hi\0OG\0?f_\0kQ\06\0>\0ן\0@\0$]\0(<\0\0[\0z|:\0y\05\02\0\Z\0^u\0q?\'Z\0_W/x\0y+\0\0?\\/+<\0\0[\0\0\0k\0f\0[\0\0\0k\0fe\0?}_?̿4\0ۧ֯(\0(\0(\0keo{\05\0N\0\0k<%\0%{/?\0%\0$B\0(\0/\0_\0W@\0\0p_8_W/x\0y+%\0%{/?>	^п\0I\0v?J<%\0%{/?%\0$B\0(	^\0p\'j\0	!\0p(j>6\0^\0I_H~\"\03\0J\ZWw\0x\0C\0?\0^+\'\0^\06ſWO\0IրHuw\0҈\0i\0hנ|m\0C\0ۿG^M̭\0oFX\0נ|\0CI^kZ_Ht/x\0҉(\0\0v\0o_\0҅\0v\0o_\0҅\0e\0?hi\0OG\0\0??W|m\0C\0ۿG^\07y½ow\0:\0\0keo{\05-\0N\0\0k<[\0%{\0h>	^п\0I\0n\0υph_\0W\07ykeo{\04|?\0;\0qkeo{\04|?\0;\0qٗft\0|\02\0\0nZ((\0i\0hנxKJ_;Q7,o\0g\0o7~1߭t\ZG?_=oٿqm|}z{?KI\0oQ%y\0_\0k<C!c}e?y{Hrqڹ\0|2\0&G$b\0mg>?ch_\0WKJ_;W?x_\0e?q/v>qڽH_G7<OO9Az\0	!п\0J$_W\"\03\0IںcXlg|^^3ܜcv:H_G7<OO9Az\0_H~\"\03\0J\ZWw\0x~\0	oo_vsx_&>/\0#ڼ}۶5Onzwm\0z|:\0\0\0of\0;^\0W9O<wOCj\06\0!\0J#?V\0^occW\0+۶E^Me\0/&\0\0`߿gkl@kZ_Ht/x\0҉(/LoI/vv=]|1\0w,t}g/vN1{P?/+\0^$?\'\0_O\0y?fǕc)wg91^4Ho\0;:@\0wqu9e\0?h>|2\0s\0_lٿwtZ@\0\0\0w|+>6\0!\0J#]O\0\0\0xB@g\06_g;q׽\0x\05\02\0\Z\0^u\0q?\'Z>&2\0\0\0y߳6{W9O<wOCj\0?J\0?WAx_\0e?q/v>qںV_w=\0ӿ{_+ѣ\0~\0<vw=\0__\0ohgfڀ<\0e\0?}^+O\0h}\0o+f\0sۥz\0QE\0QE\0QE\0QE\0QE\0QE\0QE\0ei.\"W|i՝A\'\035KOf,-/PT\'hW\'rn&KKǪ[K~ץ6&*Ov\'8@$GkŶ%I\rͣmk_Y\Z\"Bϴ4aﴟx\'_5/\0gDWDͳ,˸G*Ud8 p\Z\0t=Q4gZŤZ}g )`	xg<O\ZXI|5KK[[Gu6#Wi	Uw Qr8s6\Z^jMsZQ\0h*Iȧi\ri*w\Z-3^ IKc,\"2Iq#U\rdTp\0e#{[O>f	9P\':~Twڎ|;ǌms#N\\R/\n0\\pAp<7m;dt<#F(g%0$H2\0g\'Aou?˘iy4Ĳ}?wrz/NMՅCZ$Hm3	8<t~ץ6&+q/v\'8@$GA^5_[VEV^D	b^߻;z^^:2/%u200x\0_Ht/x\0҉+(\0(\0(\0(\0(\0(\0('),('ID-020','\0JFIF\0\0\0\0\0\0\0C\0		\n\r\Z\Z $.\' \",#(7),01444\'9=82<.342\0C			\r\r2!!22222222222222222222222222222222222222222222222222\0\0P\"\0\0\0\0\0\0\0\0\0\0\0\0	\n\0\0\0\0}\0!1AQa\"q2#BR$3br	\n\Z%&\'()*456789:CDEFGHIJSTUVWXYZcdefghijstuvwxyz\0\0\0\0\0\0\0\0	\n\0\0\0w\0!1AQaq\"2B	#3Rbr\n$4%\Z&\'()*56789:CDEFGHIJSTUVWXYZcdefghijstuvwxyz\0\0\0?\0(>V\0^/+\0^M̭\0oF_W\"\03\0Iڀ_Ht/x\0҉+\0?W|\0CI^\07y8_W/x\0y+	!п\0J$\0%\0%{B\0\'\0?J\0\0?\0?͡\0\0m\0h\0҆\0v\0\0҆\0v?\0\0?^+\'\0^\07y½ſWO\0Iր<\0n\0υpk\0\07y¸Ww\0x\05-p\0CP@\0\0p_	!\0p(j\0\0_Ht/x\0҉+<%\0$/?	!п\0J$\0\0҆\0m\0h\0C\0?\0G\0\0_Ht/x\0҉+\0\0^KI\0oQ%y\0\0\Z\0٨<[\0%{\0h%\0$B\0(\0^u\0q?\'Z>	!п\0J$?i\0OG_\0hi\0OG_\0h\0҆%\0$B\0(_H~\"\03\0J\Z\0?J\0	!\0p(j<%\0$/?\0҆_H~\"\03\0J\Z=\0ow\0:\0!u\0q?(Z\0Huw\0҈<[\0$\0h	!п\0J$?\04w_5z/$:D\0\0\0k\0f\0[\0z|E\0gy\05\02\0\Z	^\0p\'j\0\0\0>-\0N\0w|+<[\0%{\0h>	^п\0I_H~\"\03\0J\Z_W/x\0y(\0҆\0m\0h\0C\0?\0G\0\0<%\0$/?\0҆_H~\"\03\0J\Z	!\0p(j\0\0\0G5\02\0\Z>\0\0G5\02\0\Z\0>6\0^\0I\0/\0|m\0\0ۿ]\0_\0h>6\0!\0J#?J>6\0!\0J#?J\0_W/x\0y(\0҆?J<%\0$/?6\0!\0J#\0o_\0҅\0$]\0(ſH~O\0J;\0keo{\05-\0N\0\0k<[\0%{\0h\0o_\0u?V\0^+\'\0^M̭\0oF\0>|\0]\0\0\n>	^п\0I?J\0_Ht/x\0҉+>	^п\0I%\0$B\0(<ſH~O\0J\0ow\0:\0!u\0q?(Z\0Huw\0҈\0\0$]\0(\0\0\0ן?\0;\0qkeo{\04\0[\0w|(\0\0\0?G_\0h\0\0?G_\0h>	!п\0J$\0%\0%{B\0\'\0?J_W/x\0y(i\0O^/+\0^2\0\0nZ_W\"\03\0Iڀ<\0/\0xIï\0BkZ<[\0$\0h	!п\0J$\0o_\0҅%\0$B\0(ſH~O\0J;\0\0>n\0υw|(\0%{]\0\'\0_W\"\03\0Iڼow\0:\0	^\0p\'j\0\0\0>xIï\0B\07y¸\0!u\0q?(Z\0\0\0\0\06?\0?͡\0\0ow\0:\0?WJ\0n\0Ow\0w|(\0V\0^I\0n\0Qy\05\02\0\ZHuw\0҈<%\0$/?\0\0?\\E\0g5w\0w|(\n(\n(\n(>V\0^/+\0^M̭\0oF_W\"\03\0Iڀ_Ht/x\0҉+\0?W|\0CI^\07y8_W/x\0y+	!п\0J$\0%\0%{B\0\'\0?J\0\0?\0?͡\0\0m\0h\0҆\0v\0\0҆\0v?\0\0?^+\'\0^\07y½ſWO\0Iր<\0n\0υpk\0\07y¸Ww\0x\05-p\0CP@\0\0p_	!\0p(j\0\0_Ht/x\0҉+<%\0$/?	!п\0J$\0\0҆\0m\0h\0C\0?\0G\0\0_Ht/x\0҉+\0\0^KI\0oQ%y\0\0\Z\0٨<[\0%{\0h%\0$B\0(\0^u\0q?\'Z>	!п\0J$?i\0OG_\0hi\0OG_\0h\0҆%\0$B\0(_H~\"\03\0J\Z\0?J\0	!\0p(j<%\0$/?\0҆_H~\"\03\0J\Z=\0ow\0:\0!u\0q?(Z\0Huw\0҈<[\0$\0h	!п\0J$?\04w_5z/$:D\0\0\0k\0f\0[\0z|E\0gy\05\02\0\Z	^\0p\'j\0\0\0>-\0N\0w|+<[\0%{\0h>	^п\0I_H~\"\03\0J\Z_W/x\0y(\0҆\0m\0h\0C\0?\0G\0\0<%\0$/?\0҆_H~\"\03\0J\Z	!\0p(j\0\0\0G5\02\0\Z>\0\0G5\02\0\Z\0>6\0^\0I\0/\0|m\0\0ۿ]\0_\0h>6\0!\0J#?J>6\0!\0J#?J\0_W/x\0y(\0҆?J<%\0$/?6\0!\0J#\0o_\0҅\0$]\0(ſH~O\0J;\0keo{\05-\0N\0\0k<[\0%{\0h\0o_\0u?V\0^+\'\0^M̭\0oF\0>|\0]\0\0\n>	^п\0I?J\0_Ht/x\0҉+>	^п\0I%\0$B\0(<ſH~O\0J\0ow\0:\0!u\0q?(Z\0Huw\0҈\0\0$]\0(\0\0\0ן?\0;\0qkeo{\04\0[\0w|(\0\0\0?G_\0h\0\0?G_\0h>	!п\0J$\0%\0%{B\0\'\0?J_W/x\0y(i\0O^/+\0^2\0\0nZ_W\"\03\0Iڀ<\0/\0xIï\0BkZ<[\0$\0h	!п\0J$\0o_\0҅%\0$B\0(ſH~O\0J;\0\0>n\0υw|(\0%{]\0\'\0_W\"\03\0Iڼow\0:\0	^\0p\'j\0\0\0>xIï\0B\07y¸\0!u\0q?(Z\0\0\0\0\06?\0?͡\0\0ow\0:\0?WJ\0n\0Ow\0w|(\0V\0^I\0n\0Qy\05\02\0\ZHuw\0҈<%\0$/?\0\0?\\E\0g5w\0w|(\n(\n(\n(>V\0^/+\0^M̭\0oF_W\"\03\0Iڀ_Ht/x\0҉+\0?W|\0CI^\07y8_W/x\0y+	!п\0J$\0%\0%{B\0\'\0?J\0\0?\0?͡\0\0m\0h\0҆\0v\0\0҆\0v?\0\0?^+\'\0^\07y½ſWO\0Iր<\0n\0υpk\0\07y¸Ww\0x\05-p\0CP@\0\0p_	!\0p(j\0\0_Ht/x\0҉+<%\0$/?	!п\0J$\0\0҆\0m\0h\0C\0?\0G\0\0_Ht/x\0҉+\0\0^KI\0oQ%y\0\0\Z\0٨<[\0%{\0h%\0$B\0(\0^u\0q?\'Z>	!п\0J$?i\0OG_\0hi\0OG_\0h\0҆%\0$B\0(_H~\"\03\0J\Z\0?J\0	!\0p(j<%\0$/?\0҆_H~\"\03\0J\Z=\0ow\0:\0!u\0q?(Z\0Huw\0҈<[\0$\0h	!п\0J$?\04w_5z/$:D\0\0\0k\0f\0[\0z|E\0gy\05\02\0\Z	^\0p\'j\0\0\0>-\0N\0w|+<[\0%{\0h>	^п\0I_H~\"\03\0J\Z_W/x\0y(\0҆\0m\0h\0C\0?\0G\0\0<%\0$/?\0҆_H~\"\03\0J\Z	!\0p(j\0\0\0G5\02\0\Z>\0\0G5\02\0\Z\0>6\0^\0I\0/\0|m\0\0ۿ]\0_\0h>6\0!\0J#?J>6\0!\0J#?J\0_W/x\0y(\0҆?J<%\0$/?6\0!\0J#\0o_\0҅\0$]\0(ſH~O\0J;\0keo{\05-\0N\0\0k<[\0%{\0h\0o_\0u?V\0^+\'\0^M̭\0oF\0>|\0]\0\0\n>	^п\0I?J\0_Ht/x\0҉+>	^п\0I%\0$B\0(<ſH~O\0J\0ow\0:\0!u\0q?(Z\0Huw\0҈\0\0$]\0(\0\0\0ן?\0;\0qkeo{\04\0[\0w|(\0\0\0?G_\0h\0\0?G_\0h>	!п\0J$\0%\0%{B\0\'\0?J_W/x\0y(i\0O^/+\0^2\0\0nZ_W\"\03\0Iڀ<\0/\0xIï\0BkZ<[\0$\0h	!п\0J$\0o_\0҅%\0$B\0(ſH~O\0J;\0\0>n\0υw|(\0%{]\0\'\0_W\"\03\0Iڼow\0:\0	^\0p\'j\0\0\0>xIï\0B\07y¸\0!u\0q?(Z\0\0\0\0\06?\0?͡\0\0ow\0:\0?WJ\0n\0Ow\0w|(\0V\0^I\0n\0Qy\05\02\0\ZHuw\0҈<%\0$/?\0\0?\\E\0g5w\0w|(\n(\n(\n(>V\0^/+\0G߆_𱿲\0o7]~i\0y?fǕc)wg91@\0/$:D\0w|+<C!c}e?y{Hrqڹ\0V_w=\0ӿ{|\0^\0KI\0oQ%s	\0wu\0H_3anyݞ<C!c}e?y{Hrqڀ<m\0h?Yš\0_߾\0Ow\0G+/?k\0ٿ\0W<%\0$/?%\0%{/?>\0eCz$~oٿO!:{נi\0y?fǕc)wg91@?\07y½ſWO\0I֏V_w=\0ӿ{AcSc}V;Ό\'یgϵ\0x\0\0\n>6\0^\0I\0e\0{q7;?7\0﷽s6\0	\0H/a6Sy9۞\05-p\0CP e\0	MI>\0.۾|7Ƕ=>\0eCz$~oٿO!:{AKI\0oQ%xE\0g5}?l/\0+ݺFn^Gx@\07÷d/|û9Qz\0\0\0\0\06Z@\0\0²\0C\0}<{\0?{ڀ_Ht/x\0҉+\0\0^l/\0+ݺFn^!7\0omG3ٷ>ſWO\0I֏_Ht/x\0҉+1\0k\0l򿱾+wFdm3ڏcXlg|^^3ܜcv:i\0OG_\0k>|2\0s\0_lٿwt1\0\0	\'ؿwϏǽ\0xE\0g5{\0/$:D\0!=?7g߿\'ɐF=<C!c}e?y{Hrqڀ>`\0҆_H~\"\03\0J\ZH?f\0v>Lwg81F//#?#~\0|0qcހ:Huw\0҈<[\0$\0k\0xc_hlڼ^fݲ+܌n:?\0jxCÚ$~W7w \r:PAKI\0oQ%y\0\0\Z\0٫<C!c}e?y{Hrqڹ\02\0;&#m\0mhF;6>\0\0k<%\0%{/?7_M\0\0˷~ֺ\r#~/7g߸>Le>N==\0?WxJï\0:\0\n.\'\0owo\0}oz5jxÚ\0<oyфq9>	^п\0I_H~\"\03\0J\Z?\0}\0	>~>^Ѳ}0ӵ\ZGx@\07÷d/|û9Qz\0\0\0\0\06Z@\0\0²\0C\0}<{\0?{ڀ<_H~\"\03\0J\Z	!\0p(j#__<GG\0l\0a2aݜǽ\ZGx@\07÷d/|û9Qz\0\0\0G5\02\0\Z2\0;&#m\0mhF;6>|Me\0/&\0\0`߿gkl@J\0n\0Ow\0?\0e\01}\0	>fݱ}0g;sӽt e\0	MI>\0.۾|7Ƕ=\0\0$]\0(_Ht/x\0҉+?1ϱ\0m\"vz<C!c}e?y{Hrqڀ>`%\0%{B\0\'	!\0p(j\0\0;:\0$l/{FÌnNi\0!=?7g߿\'ɐF=\0$]\0(ſH~O\0J?1ϱ\0m\"vz__<9Gc}\0ay`یcϵ\0s\0\0k<[\0%{\0h7_M\0\0˷~ֺ\r_ڞ/+?yta>Fc=}o_\0u?V\0^cSc}V;Ό\'یgϵs\0~\0<vw=\0?J\0V_w=\0ӿ{?x_\0e?q/v>qڀ<?J\0_Ht/x\0҉+OC_c\0Gϲtl{8^l/\0+ݺFn^:\0-{\0$:\0Du\0\0<!?+?;ΐ?cN}<mL|!}}j\0yvȯr3ހ9\0Huw\0҈\0\0^occW\0+۶E^!7\0omG3ٷ>?V\0G\0\nce\0?oy\0mqh\0e\0{q7;?7\0﷽\0y\0\0\n> b\0/^\0\n.\'\0owo\0}oz<Aw}]}\0loݏl{KI\0oQ%x/+<\0|1\0w,t}g/vN1{W\'_!/\0#g|}ݺ6Ocvzve\0?z|E\0g¹\0vlg;WAxc/#\0lV\'Ɍݜǽ\0x\0_\0ko_\0҅/LoI/vv=\\/S?#򿱾\00m1ڀ:_Ht/x\0҉+<[\0$\0k\0cXlg|^^3ܜcv:?\0jxCÚ$~W7w \r:P?\07y\0>{\0n?f\0\'f\0]O\0\0\0k\0׿KJ_;W?o_\0j\0q3n>3޽H_G7<OO9Az\0\0\0>xIï\0B׿\0²\0\0	\0_w޹__<9Gc}\0ay`یcϵ\0s\0h\0C\0?\0^\0\n- _\0ox\0j?Yš\0_߾\0Ow\0@J\0n\0Ow\0w|+L|_}\0G?ylj{]+/\0k\0ۏٿ\0Y}\0i\0hנ|m\0C\0ۿGG߆_𱿲\0o7]~xB@g\06_g;q׽\0|/$?\0\r]\0\0\n4~\0	oo_vs²\0\0	\0_wހ=(((((((((((((((z\rOF-XZE&?bfeoWo\nk:5|IҠKTyt۩4ךxLHC]P/<?ak?jMfk%f#\rsA<cLчfVeiO\ZQۯQָQi)-q~#HfC8w\0w\nSS^u(ⴼۻ팀[<ѹU(A9\nH\0rcεkzGywqxlu;v7p*&Ux<(^xV\\zW	i~ىm\\ۤ\nJwϪZkzu6+qla9# gqހ<_55RQ7CSi2&x$Vf,Bx$gMk?oKOLRB>Ep#<9$!xw7|Sm,[\\ZIݦ#DK~S5~ѿ I-<R9m$d\'\0>/iu.6M7\\8a$~4x~\07\\^Q<۳\r1j$:\0Du\'<[_Z43Ŧ\\rGa0  \0|CY|^I5b|wm}32Oc?wshzƒ\\eKY?y\'!1+Ӭ]xWHx\rhVWrւ-/nXp[4}cYz\0wĻsow,\n \\@#\0&bQ.OSllS [fY3Pq &~d.AmUw[#2/V9<sYr\0ĻG|P\'	>&6\0krI\0AW<+ͧ	5KԖihD>@ILd(Sz\rOF-XZE&?bfeoWo,ӯtM[\Z]mGTPXcaF~\ZXо$P%]mԚki<ASf&`$!ϭHϯ2XNa&Wy/q>c@O~+ǌH5b؋Wq?\ZCĻ9t].Ñ.-ybvo$dںO	^\0p\'jkSJ0b/#\nvx#H\'zEI\rήŸjB=Wx\\zmk޹$ۙʳ>O)[<u?OQhKM=\"$\0?l<MK\0<kIcMX\r|$\n\0ZƩ?Mi6_DL\0[+\rhpZk>t`vG^Gw~+~P\'tu\Zcs/1@9OZ$hw#Iխc?MaFrvqx\'⦃KX֭76%1#:HP0vS\r/.eGo ΐ\Zڋ2p<5B{Iy$Fp gg;O\nGQ񍆹O̩ydO@fH\\ioWN%KM)#c\0CO772ZzE,9{IAxdyK`B?^<ÚvznegR	um-\'-7_/čX|Ci]m.#o;W /?	\')tR{#ϔYp7c>\0[sxbRpmtU\ng+c,qe%.XYH\'[Hl?W#J\0 ͥ9~ͫkweم$FJ9\09gxW5\nگ1*JOGRSxvkKMc,ҬE.ldx\'PY@<)|\"Ӽ7rY-\"\'-$d\rCy\0\\/w<\0g%\"ڧo\0\0ןo0~gvv8\\V<՗\0\'<FiVOkzIxѣ13*HpXdҤ}CŚt2`mw$r ff@8VWF\0qP,ď*XIIHD6,C\0rWVԤ/./u}GSMJKYՠY\"s($S6^#SeĶV7\Z8ANw*P1Rr1߉&M	p$2Ǯ={GA94hz,W\\U,cM*YpGk+? ܲDM*NiVgGx{3GZ\n\0?x^\'<5XE._T%w[uI\nK>_Xw4[\r~5\"쭦kyn>rQӠ\0\0\0<๗^_qxM{	_. e0qnľ(񏆾FD(D.tm9@S]o1\\wK*ʖS\"&U*\0!@s0+߂\0d\0z^Nƹ a}	Huw\0҈(4>sc6c\no;o! w=+5u~ ]xPUҦ-E\"M02ӎ<C=#[8xmX|[r\n5ھƧ B21\\#\0t\ZmG{k]?JRDB0>B7shyy^x\\[YWA!ko,ۙN	^د?׊n$<m2dҬ51[25L|!\'<MzǁOG<\r-oyO>-t,x8QE\0QE\0QE\0QE\0QE\0QE\0QE\0QE\0QE\0QE\0QE\0QE\0QE\0QE');

/*Table structure for table `tbllogged` */

DROP TABLE IF EXISTS `tbllogged`;

CREATE TABLE `tbllogged` (
  `loggedID` varchar(20) NOT NULL,
  `userID` varchar(20) DEFAULT NULL,
  `Date` date DEFAULT NULL,
  `TimeIn` time DEFAULT NULL,
  `TimeOut` time DEFAULT NULL,
  PRIMARY KEY (`loggedID`),
  KEY `userID` (`userID`),
  CONSTRAINT `tbllogged_ibfk_1` FOREIGN KEY (`userID`) REFERENCES `tbluser` (`userID`)
) ENGINE=InnoDB DEFAULT CHARSET=latin1;

/*Data for the table `tbllogged` */

insert  into `tbllogged`(`loggedID`,`userID`,`Date`,`TimeIn`,`TimeOut`) values ('Logged-00001','USER-001','2016-08-31','18:53:06','19:14:14'),('Logged-00002','USER-001','2016-09-13','22:00:22','22:26:19'),('Logged-00003','USER-001','2016-09-13','22:28:03','23:39:32'),('Logged-00004','USER-001','2016-09-14','12:27:18',NULL),('Logged-00005','USER-001','2016-09-14','12:31:32','12:33:29'),('Logged-00006','USER-001','2016-09-14','01:37:57',NULL),('Logged-00007','USER-001','2016-09-14','01:40:02',NULL),('Logged-00008','USER-001','2016-09-14','01:43:40',NULL),('Logged-00009','USER-001','2016-09-14','01:46:35',NULL),('Logged-00010','USER-001','2016-09-14','01:52:52',NULL),('Logged-00011','USER-001','2016-09-14','01:57:48',NULL),('Logged-00012','USER-001','2016-09-14','02:39:19',NULL),('Logged-00013','USER-001','2016-09-14','02:42:57',NULL),('Logged-00014','USER-001','2016-09-14','02:47:59',NULL),('Logged-00015','USER-001','2016-09-14','02:55:41',NULL),('Logged-00016','USER-001','2016-09-14','03:00:04',NULL);

/*Table structure for table `tblproducts` */

DROP TABLE IF EXISTS `tblproducts`;

CREATE TABLE `tblproducts` (
  `productID` varchar(20) NOT NULL,
  `productcode` varchar(50) DEFAULT NULL,
  `productname` varchar(50) DEFAULT NULL,
  `description` varchar(200) DEFAULT NULL,
  `stock` int(10) DEFAULT '0',
  `sellingprice` double DEFAULT NULL,
  `sellingpricewithvat` double DEFAULT NULL,
  `minQTY` int(10) DEFAULT NULL,
  `maxQTY` int(10) DEFAULT NULL,
  `bbID` varchar(20) DEFAULT NULL,
  `categoryID` varchar(20) DEFAULT NULL,
  `loggedID` varchar(20) DEFAULT NULL,
  PRIMARY KEY (`productID`),
  UNIQUE KEY `productname` (`productname`),
  UNIQUE KEY `productnumber` (`productcode`),
  KEY `tblproducts_ibfk_3` (`loggedID`),
  KEY `tblproducts_ibfk_5` (`categoryID`),
  KEY `tblproducts_ibfk_4` (`bbID`),
  CONSTRAINT `tblproducts_ibfk_4` FOREIGN KEY (`bbID`) REFERENCES `tblbrandbreed` (`bbID`) ON DELETE NO ACTION ON UPDATE CASCADE,
  CONSTRAINT `tblproducts_ibfk_3` FOREIGN KEY (`loggedID`) REFERENCES `tbllogged` (`loggedID`) ON DELETE NO ACTION ON UPDATE NO ACTION,
  CONSTRAINT `tblproducts_ibfk_5` FOREIGN KEY (`categoryID`) REFERENCES `tblcategory` (`categoryID`) ON DELETE NO ACTION ON UPDATE CASCADE
) ENGINE=InnoDB DEFAULT CHARSET=latin1;

/*Data for the table `tblproducts` */

insert  into `tblproducts`(`productID`,`productcode`,`productname`,`description`,`stock`,`sellingprice`,`sellingpricewithvat`,`minQTY`,`maxQTY`,`bbID`,`categoryID`,`loggedID`) values ('Pro-00001','Fish-001-Horn','Flower Horn','Fish with big forehead.',0,560,588,10,100,'BB-001','Cat-001','Logged-00001'),('Pro-00002','LC-VIT 60 ML','LC-VIT 60 ML','Vitamins',0,110,123.2,10,100,'BB-009','Cat-004','Logged-00003'),('Pro-00003','LC-VIT 120 ML','LC-VIT 120 ML','Vitamins',0,180,201.6,10,100,'BB-009','Cat-004','Logged-00003'),('Pro-00004','WOODEN LOG BN','WOODEN LOG BN','Logs',0,180,201.6,10,100,'BB-009','Cat-002','Logged-00003'),('Pro-00005','WOODEN LOD HOLES','WOODEN LOD HOLES','Lods',0,140,156.8,10,100,'BB-008','Cat-002','Logged-00003'),('Pro-00006','SPACE PARK HAMSTER WHEELS 6\"','SPACE PARK HAMSTER WHEELS 6\"','Equipments for hamster',0,150,168,10,100,'BB-008','Cat-002','Logged-00003'),('Pro-00007','VO-TOYS HAMSTER SLUMBER DEN','VO-TOYS HAMSTER SLUMBER DEN','Toys',0,300,336,10,50,'BB-002','Cat-002','Logged-00003'),('Pro-00008','ROUND SMALL DISH 5\"','ROUND SMALL DISH 5\"','Equipment',0,70,78.4,5,20,'BB-003','Cat-002','Logged-00003'),('Pro-00009','S.A.M HAMSTER PLAY CUBE KIT W/ LADDER','S.A.M HAMSTER PLAY CUBE KIT W/ LADDER','Toys',0,220,246.4,10,20,'BB-006','Cat-002','Logged-00003'),('Pro-00010','PREMIUM DRINKING BOTTLE 118 ML','PREMIUM DRINKING BOTTLE 118 ML','Water',0,70,78.4,10,100,'BB-002','Cat-003','Logged-00003'),('Pro-00011','ROUND PET DISH 3\"DIAMETER','ROUND PET DISH 3\"DIAMETER','*',0,150,168,10,100,'BB-009','Cat-003','Logged-00003'),('Pro-00012','PET HOUSE BRAND HAMSTER BALL SMALL 5 \"','PET HOUSE BRAND HAMSTER BALL SMALL 5 \"','Toys',0,150,168,10,20,'BB-008','Cat-005','Logged-00003'),('Pro-00013','PET WATER BOTTLE CLIP ON BOWL','PET WATER BOTTLE CLIP ON BOWL','Food',0,60,67,10,50,'BB-004','Cat-003','Logged-00003'),('Pro-00014','PET FOOD SCOOPER SMALL','PET FOOD SCOOPER SMALL','Equipment',0,80,89.6,10,50,'BB-008','Cat-002','Logged-00003'),('Pro-00015','PET HOUSE BRAND HAMSTER BALL 10.5 \"','PET HOUSE BRAND HAMSTER BALL 10.5 \"','Toys',0,150,168,10,50,'BB-011','Cat-005','Logged-00003');

/*Table structure for table `tblsuppliedproducts` */

DROP TABLE IF EXISTS `tblsuppliedproducts`;

CREATE TABLE `tblsuppliedproducts` (
  `productID` varchar(20) DEFAULT NULL,
  `supplierID` varchar(20) DEFAULT NULL,
  KEY `tblsuppliedproducts_ibfk_1` (`productID`),
  KEY `tblsuppliedproducts_ibfk_2` (`supplierID`),
  CONSTRAINT `tblsuppliedproducts_ibfk_1` FOREIGN KEY (`productID`) REFERENCES `tblproducts` (`productID`) ON UPDATE CASCADE,
  CONSTRAINT `tblsuppliedproducts_ibfk_2` FOREIGN KEY (`supplierID`) REFERENCES `tblsupplier` (`supplierID`) ON UPDATE CASCADE
) ENGINE=InnoDB DEFAULT CHARSET=latin1;

/*Data for the table `tblsuppliedproducts` */

insert  into `tblsuppliedproducts`(`productID`,`supplierID`) values ('Pro-00001','Sup-004'),('Pro-00001','Sup-002'),('Pro-00002','Sup-004');

/*Table structure for table `tblsupplier` */

DROP TABLE IF EXISTS `tblsupplier`;

CREATE TABLE `tblsupplier` (
  `supplierID` varchar(20) NOT NULL,
  `supplierName` varchar(50) DEFAULT NULL,
  `description` varchar(200) DEFAULT NULL,
  `address` varchar(200) DEFAULT NULL,
  `contactperson` varchar(100) DEFAULT NULL,
  `contactnumber` varchar(100) DEFAULT NULL,
  `loggedID` varchar(20) DEFAULT NULL,
  PRIMARY KEY (`supplierID`),
  UNIQUE KEY `supplierName` (`supplierName`),
  KEY `loggedID` (`loggedID`),
  CONSTRAINT `tblsupplier_ibfk_1` FOREIGN KEY (`loggedID`) REFERENCES `tbllogged` (`loggedID`)
) ENGINE=InnoDB DEFAULT CHARSET=latin1;

/*Data for the table `tblsupplier` */

insert  into `tblsupplier`(`supplierID`,`supplierName`,`description`,`address`,`contactperson`,`contactnumber`,`loggedID`) values ('Sup-001','Alson','Supplier for fish accesories','Makati City','James Dela Nueva','2147483647','Logged-00001'),('Sup-002','Jenson','Supplier for hamster and accesories','Quezon City','Nicole Hidalgo','2147483647','Logged-00001'),('Sup-003','Salama Supplier','Supplier for birds and bird accesories','Taguig','Bryan Sales	','33344','Logged-00001'),('Sup-004','King Supra','Alternative Suppliers','Taguig','Rudy Villa Nueva','8832432/32423322','Logged-00001'),('Sup-005','Dorco Sales','Partner in different accesories	','Novaliches','Jaime Salvador/Ozzy Kalis','5436271/7782378/09123456789','Logged-00001'),('Sup-006','Nina','Ninas Supplier for animals (Foods and Equipment)','Quezon City','Jamie Aragon','6547893\naragos@yahoo.com','Logged-00002'),('Sup-007','Salvador','Alternative Suppliers','Makati City','Chard Solomon','655-3293\nsalvador@yahoo.com','Logged-00002');

/*Table structure for table `tbluser` */

DROP TABLE IF EXISTS `tbluser`;

CREATE TABLE `tbluser` (
  `userID` varchar(20) NOT NULL,
  `username` varchar(30) DEFAULT NULL,
  `password` varchar(30) DEFAULT NULL,
  `position` varchar(20) DEFAULT NULL,
  `firstname` varchar(30) DEFAULT NULL,
  `middlename` varchar(30) DEFAULT NULL,
  `lastname` varchar(30) DEFAULT NULL,
  `gender` varchar(30) DEFAULT NULL,
  `birthdate` date DEFAULT NULL,
  `address` varchar(200) DEFAULT NULL,
  `status` varchar(30) DEFAULT NULL,
  `cellphone` varchar(30) DEFAULT NULL,
  PRIMARY KEY (`userID`),
  UNIQUE KEY `username` (`username`)
) ENGINE=InnoDB DEFAULT CHARSET=latin1;

/*Data for the table `tbluser` */

insert  into `tbluser`(`userID`,`username`,`password`,`position`,`firstname`,`middlename`,`lastname`,`gender`,`birthdate`,`address`,`status`,`cellphone`) values ('USER-001','jerick','jerick','Manager','Jean Fredrick','Tablizo','Santos','Male','1994-08-19','Taguig','Single','9392379800');

/*Table structure for table `tblvat` */

DROP TABLE IF EXISTS `tblvat`;

CREATE TABLE `tblvat` (
  `vatID` varchar(20) NOT NULL,
  `vatname` varchar(50) DEFAULT NULL,
  `vatdescription` varchar(200) DEFAULT NULL,
  `percentage` double DEFAULT NULL,
  `loggedID` varchar(20) DEFAULT NULL,
  PRIMARY KEY (`vatID`),
  UNIQUE KEY `vatname` (`vatname`),
  KEY `loggedID` (`loggedID`),
  CONSTRAINT `tblvat_ibfk_1` FOREIGN KEY (`loggedID`) REFERENCES `tbllogged` (`loggedID`)
) ENGINE=InnoDB DEFAULT CHARSET=latin1;

/*Data for the table `tblvat` */

insert  into `tblvat`(`vatID`,`vatname`,`vatdescription`,`percentage`,`loggedID`) values ('Vat-001','Government Vat','For tax',0.12,'Logged-00002');

/*!40101 SET SQL_MODE=@OLD_SQL_MODE */;
/*!40014 SET FOREIGN_KEY_CHECKS=@OLD_FOREIGN_KEY_CHECKS */;
/*!40014 SET UNIQUE_CHECKS=@OLD_UNIQUE_CHECKS */;
/*!40111 SET SQL_NOTES=@OLD_SQL_NOTES */;
